# Blender 5.0.1
# www.blender.org
o Teapot
v 0.478560 2.400000 1.424640
v 0.465671 2.463000 1.386270
v 0.000000 2.463000 1.459600
v 0.000000 2.400000 1.500000
v 0.452973 2.494500 1.348469
v 0.000000 2.494500 1.419800
v 0.443529 2.494500 1.320356
v 0.000000 2.494500 1.390200
v 0.440403 2.463000 1.311049
v 0.000000 2.463000 1.380400
v 0.446656 2.400000 1.329664
v 0.000000 2.400000 1.400000
v 0.890880 2.400000 1.213920
v 0.866886 2.463000 1.181225
v 0.843248 2.494500 1.149016
v 0.825668 2.494500 1.125061
v 0.819847 2.463000 1.117130
v 0.831488 2.400000 1.132992
v 1.213920 2.400000 0.890880
v 1.181225 2.463000 0.866886
v 1.149016 2.494500 0.843248
v 1.125061 2.494500 0.825668
v 1.117130 2.463000 0.819847
v 1.132992 2.400000 0.831488
v 1.424640 2.400000 0.478560
v 1.386270 2.463000 0.465671
v 1.348469 2.494500 0.452973
v 1.320356 2.494500 0.443529
v 1.311049 2.463001 0.440403
v 1.329664 2.400000 0.446656
v 1.500000 2.400000 0.000000
v 1.459600 2.463000 0.000000
v 1.419800 2.494500 0.000000
v 1.390200 2.494500 0.000000
v 1.380400 2.463000 0.000000
v 1.400000 2.400000 0.000000
v -1.424640 2.400000 0.478560
v -1.386270 2.463000 0.465671
v -1.459600 2.463000 0.000000
v -1.500000 2.400000 0.000000
v -1.348469 2.494500 0.452973
v -1.419800 2.494500 0.000000
v -1.320356 2.494500 0.443529
v -1.390200 2.494500 0.000000
v -1.311049 2.463000 0.440403
v -1.380400 2.463000 0.000000
v -1.329664 2.400000 0.446656
v -1.400000 2.400000 0.000000
v -1.213920 2.400000 0.890880
v -1.181225 2.463000 0.866886
v -1.149016 2.494500 0.843248
v -1.125061 2.494500 0.825668
v -1.117130 2.463000 0.819847
v -1.132992 2.400000 0.831488
v -0.890880 2.400000 1.213920
v -0.866886 2.463000 1.181225
v -0.843248 2.494500 1.149016
v -0.825668 2.494500 1.125061
v -0.819847 2.463000 1.117130
v -0.831488 2.400000 1.132992
v -0.478560 2.400000 1.424640
v -0.465671 2.463000 1.386270
v -0.452973 2.494500 1.348469
v -0.443529 2.494500 1.320356
v -0.440403 2.463001 1.311049
v -0.446656 2.400000 1.329664
v -0.478560 2.400000 -1.424640
v -0.465671 2.463000 -1.386270
v 0.000000 2.463000 -1.459600
v 0.000000 2.400000 -1.500000
v -0.452973 2.494500 -1.348469
v 0.000000 2.494500 -1.419800
v -0.443529 2.494500 -1.320356
v 0.000000 2.494500 -1.390200
v -0.440403 2.463000 -1.311049
v 0.000000 2.463000 -1.380400
v -0.446656 2.400000 -1.329664
v 0.000000 2.400000 -1.400000
v -0.890880 2.400000 -1.213920
v -0.866886 2.463000 -1.181225
v -0.843248 2.494500 -1.149016
v -0.825668 2.494500 -1.125061
v -0.819847 2.463000 -1.117130
v -0.831488 2.400000 -1.132992
v -1.213920 2.400000 -0.890880
v -1.181225 2.463000 -0.866886
v -1.149016 2.494500 -0.843248
v -1.125061 2.494500 -0.825668
v -1.117130 2.463000 -0.819847
v -1.132992 2.400000 -0.831488
v -1.424640 2.400000 -0.478560
v -1.386270 2.463000 -0.465671
v -1.348469 2.494500 -0.452973
v -1.320356 2.494500 -0.443529
v -1.311049 2.463001 -0.440403
v -1.329664 2.400000 -0.446656
v 1.424640 2.400000 -0.478560
v 1.386270 2.463000 -0.465671
v 1.348469 2.494500 -0.452973
v 1.320356 2.494500 -0.443529
v 1.311049 2.463000 -0.440403
v 1.329664 2.400000 -0.446656
v 1.213920 2.400000 -0.890880
v 1.181225 2.463000 -0.866886
v 1.149016 2.494500 -0.843248
v 1.125061 2.494500 -0.825668
v 1.117130 2.463000 -0.819847
v 1.132992 2.400000 -0.831488
v 0.890880 2.400000 -1.213920
v 0.866886 2.463000 -1.181225
v 0.843248 2.494500 -1.149016
v 0.825668 2.494500 -1.125061
v 0.819847 2.463000 -1.117130
v 0.831488 2.400000 -1.132992
v 0.478560 2.400000 -1.424640
v 0.465671 2.463000 -1.386270
v 0.452973 2.494500 -1.348469
v 0.443529 2.494500 -1.320356
v 0.440403 2.463001 -1.311049
v 0.446656 2.400000 -1.329664
v 0.638080 0.900000 1.899520
v 0.629147 1.178400 1.872927
v 0.000000 1.178400 1.972000
v 0.000000 0.900000 2.000000
v 0.604900 1.471200 1.800745
v 0.000000 1.471200 1.896000
v 0.569167 1.774800 1.694372
v 0.000000 1.774800 1.784000
v 0.525778 2.085600 1.565205
v 0.000000 2.085600 1.648000
v 1.187840 0.900000 1.618560
v 1.171210 1.178400 1.595900
v 1.126072 1.471200 1.534395
v 1.059553 1.774800 1.443756
v 0.978780 2.085600 1.333694
v 1.618560 0.900000 1.187840
v 1.595900 1.178400 1.171210
v 1.534395 1.471200 1.126072
v 1.443756 1.774800 1.059553
v 1.333694 2.085600 0.978780
v 1.899520 0.900000 0.638080
v 1.872927 1.178400 0.629147
v 1.800745 1.471200 0.604900
v 1.694372 1.774800 0.569167
v 1.565205 2.085600 0.525778
v 2.000000 0.900000 0.000000
v 1.972000 1.178400 0.000000
v 1.896000 1.471200 0.000000
v 1.784000 1.774800 0.000000
v 1.648000 2.085600 0.000000
v -1.899520 0.900000 0.638080
v -1.872927 1.178400 0.629147
v -1.972000 1.178400 0.000000
v -2.000000 0.900000 0.000000
v -1.800745 1.471200 0.604900
v -1.896000 1.471200 0.000000
v -1.694372 1.774800 0.569167
v -1.784000 1.774800 0.000000
v -1.565205 2.085600 0.525778
v -1.648000 2.085600 0.000000
v -1.618560 0.900000 1.187840
v -1.595900 1.178400 1.171210
v -1.534395 1.471200 1.126072
v -1.443756 1.774800 1.059553
v -1.333694 2.085600 0.978780
v -1.187840 0.900000 1.618560
v -1.171210 1.178400 1.595900
v -1.126072 1.471200 1.534395
v -1.059553 1.774800 1.443756
v -0.978780 2.085600 1.333694
v -0.638080 0.900000 1.899520
v -0.629147 1.178400 1.872927
v -0.604900 1.471200 1.800745
v -0.569167 1.774800 1.694372
v -0.525778 2.085600 1.565205
v -0.638080 0.900000 -1.899520
v -0.629147 1.178400 -1.872927
v 0.000000 1.178400 -1.972000
v 0.000000 0.900000 -2.000000
v -0.604900 1.471200 -1.800745
v 0.000000 1.471200 -1.896000
v -0.569167 1.774800 -1.694372
v 0.000000 1.774800 -1.784000
v -0.525778 2.085600 -1.565205
v 0.000000 2.085600 -1.648000
v -1.187840 0.900000 -1.618560
v -1.171210 1.178400 -1.595900
v -1.126072 1.471200 -1.534395
v -1.059553 1.774800 -1.443756
v -0.978780 2.085600 -1.333694
v -1.618560 0.900000 -1.187840
v -1.595900 1.178400 -1.171210
v -1.534395 1.471200 -1.126072
v -1.443756 1.774800 -1.059553
v -1.333694 2.085600 -0.978780
v -1.899520 0.900000 -0.638080
v -1.872927 1.178400 -0.629147
v -1.800745 1.471200 -0.604900
v -1.694372 1.774800 -0.569167
v -1.565205 2.085600 -0.525778
v 1.899520 0.900000 -0.638080
v 1.872927 1.178400 -0.629147
v 1.800745 1.471200 -0.604900
v 1.694372 1.774800 -0.569167
v 1.565205 2.085600 -0.525778
v 1.618560 0.900000 -1.187840
v 1.595900 1.178400 -1.171210
v 1.534395 1.471200 -1.126072
v 1.443756 1.774800 -1.059553
v 1.333694 2.085600 -0.978780
v 1.187840 0.900000 -1.618560
v 1.171210 1.178400 -1.595900
v 1.126072 1.471200 -1.534395
v 1.059553 1.774800 -1.443756
v 0.978780 2.085600 -1.333694
v 0.638080 0.900000 -1.899520
v 0.629147 1.178400 -1.872927
v 0.604900 1.471200 -1.800745
v 0.569167 1.774800 -1.694372
v 0.525778 2.085600 -1.565205
v 0.478560 0.150000 1.424640
v 0.495150 0.213600 1.474028
v 0.000000 0.213600 1.552000
v 0.000000 0.150000 1.500000
v 0.534711 0.316800 1.591798
v 0.000000 0.316800 1.676000
v 0.581929 0.463200 1.732362
v 0.000000 0.463200 1.824000
v 0.621490 0.656400 1.850133
v 0.000000 0.656400 1.948000
v 0.890880 0.150000 1.213920
v 0.921764 0.213600 1.256003
v 0.995410 0.316800 1.356353
v 1.083310 0.463200 1.476127
v 1.156956 0.656400 1.576478
v 1.213920 0.150000 0.890880
v 1.256003 0.213600 0.921764
v 1.356353 0.316800 0.995410
v 1.476127 0.463200 1.083310
v 1.576477 0.656400 1.156956
v 1.424640 0.150000 0.478560
v 1.474028 0.213600 0.495150
v 1.591798 0.316800 0.534711
v 1.732362 0.463200 0.581929
v 1.850133 0.656400 0.621490
v 1.500000 0.150000 0.000000
v 1.552000 0.213600 0.000000
v 1.676000 0.316800 0.000000
v 1.824000 0.463200 0.000000
v 1.948000 0.656400 0.000000
v -1.424640 0.150000 0.478560
v -1.474028 0.213600 0.495150
v -1.552000 0.213600 0.000000
v -1.500000 0.150000 0.000000
v -1.591798 0.316800 0.534711
v -1.676000 0.316800 0.000000
v -1.732362 0.463200 0.581929
v -1.824000 0.463200 0.000000
v -1.850133 0.656400 0.621490
v -1.948000 0.656400 0.000000
v -1.213920 0.150000 0.890880
v -1.256003 0.213600 0.921764
v -1.356353 0.316800 0.995410
v -1.476127 0.463200 1.083310
v -1.576478 0.656400 1.156956
v -0.890880 0.150000 1.213920
v -0.921764 0.213600 1.256003
v -0.995410 0.316800 1.356353
v -1.083310 0.463200 1.476127
v -1.156956 0.656400 1.576477
v -0.478560 0.150000 1.424640
v -0.495150 0.213600 1.474028
v -0.534711 0.316800 1.591798
v -0.581929 0.463200 1.732362
v -0.621490 0.656400 1.850133
v -0.478560 0.150000 -1.424640
v -0.495150 0.213600 -1.474028
v 0.000000 0.213600 -1.552000
v 0.000000 0.150000 -1.500000
v -0.534711 0.316800 -1.591798
v 0.000000 0.316800 -1.676000
v -0.581929 0.463200 -1.732362
v 0.000000 0.463200 -1.824000
v -0.621490 0.656400 -1.850133
v 0.000000 0.656400 -1.948000
v -0.890880 0.150000 -1.213920
v -0.921764 0.213600 -1.256003
v -0.995410 0.316800 -1.356353
v -1.083310 0.463200 -1.476127
v -1.156956 0.656400 -1.576478
v -1.213920 0.150000 -0.890880
v -1.256003 0.213600 -0.921764
v -1.356353 0.316800 -0.995410
v -1.476127 0.463200 -1.083310
v -1.576477 0.656400 -1.156956
v -1.424640 0.150000 -0.478560
v -1.474028 0.213600 -0.495150
v -1.591798 0.316800 -0.534711
v -1.732362 0.463200 -0.581929
v -1.850133 0.656400 -0.621490
v 1.424640 0.150000 -0.478560
v 1.474028 0.213600 -0.495150
v 1.591798 0.316800 -0.534711
v 1.732362 0.463200 -0.581929
v 1.850133 0.656400 -0.621490
v 1.213920 0.150000 -0.890880
v 1.256003 0.213600 -0.921764
v 1.356353 0.316800 -0.995410
v 1.476127 0.463200 -1.083310
v 1.576478 0.656400 -1.156956
v 0.890880 0.150000 -1.213920
v 0.921764 0.213600 -1.256003
v 0.995410 0.316800 -1.356353
v 1.083310 0.463200 -1.476127
v 1.156956 0.656400 -1.576477
v 0.478560 0.150000 -1.424640
v 0.495150 0.213600 -1.474028
v 0.534711 0.316800 -1.591798
v 0.581929 0.463200 -1.732362
v 0.621490 0.656400 -1.850133
v -2.968800 1.800000 0.144000
v -2.910131 2.008181 0.144000
v -2.940000 2.019600 0.000000
v -3.000000 1.800000 0.000000
v -2.734458 2.134454 0.144000
v -2.760000 2.152800 0.000000
v -2.442278 2.199298 0.144000
v -2.460000 2.221200 0.000000
v -2.034093 2.223187 0.144000
v -2.040000 2.246400 0.000000
v -1.510400 2.226600 0.144000
v -1.500000 2.250000 0.000000
v -2.894400 1.800000 0.216000
v -2.838906 1.980950 0.216000
v -2.673549 2.090707 0.216000
v -2.400019 2.147069 0.216000
v -2.020006 2.167834 0.216000
v -1.535200 2.170800 0.216000
v -2.805600 1.800000 0.216000
v -2.753895 1.948450 0.216000
v -2.600852 2.038493 0.216000
v -2.349581 2.084731 0.216000
v -2.003194 2.101767 0.216000
v -1.564800 2.104200 0.216000
v -2.731200 1.800000 0.144000
v -2.682669 1.921219 0.144000
v -2.539943 1.994746 0.144000
v -2.307322 2.032503 0.144000
v -1.989107 2.046413 0.144000
v -1.589600 2.048400 0.144000
v -2.700000 1.800000 0.000000
v -2.652800 1.909800 0.000000
v -2.514400 1.976400 0.000000
v -2.289600 2.010600 0.000000
v -1.983200 2.023200 0.000000
v -1.600000 2.025000 0.000000
v -2.731200 1.800000 -0.144000
v -2.682669 1.921219 -0.144000
v -2.539943 1.994746 -0.144000
v -2.307322 2.032503 -0.144000
v -1.989107 2.046413 -0.144000
v -1.589600 2.048400 -0.144000
v -2.805600 1.800000 -0.216000
v -2.753895 1.948450 -0.216000
v -2.600851 2.038493 -0.216000
v -2.349581 2.084731 -0.216000
v -2.003194 2.101767 -0.216000
v -1.564800 2.104200 -0.216000
v -2.894400 1.800000 -0.216000
v -2.838906 1.980950 -0.216000
v -2.673549 2.090707 -0.216000
v -2.400019 2.147069 -0.216000
v -2.020006 2.167834 -0.216000
v -1.535200 2.170800 -0.216000
v -2.968800 1.800000 -0.144000
v -2.910131 2.008181 -0.144000
v -2.734458 2.134454 -0.144000
v -2.442278 2.199298 -0.144000
v -2.034093 2.223187 -0.144000
v -1.510400 2.226600 -0.144000
v -1.910400 0.631200 0.144000
v -2.298490 0.836909 0.144000
v -2.302400 0.811200 0.000000
v -1.900000 0.600000 0.000000
v -2.595725 1.060502 0.144000
v -2.611200 1.038600 0.000000
v -2.804755 1.298122 0.144000
v -2.828800 1.280400 0.000000
v -2.928231 1.545907 0.144000
v -2.957600 1.534800 0.000000
v -1.935200 0.705600 0.216000
v -2.289165 0.898214 0.216000
v -2.558822 1.112731 0.216000
v -2.747417 1.340381 0.216000
v -2.858195 1.572394 0.216000
v -1.964800 0.794400 0.216000
v -2.278035 0.971386 0.216000
v -2.514778 1.175069 0.216000
v -2.678982 1.390819 0.216000
v -2.774605 1.604006 0.216000
v -1.989600 0.868800 0.144000
v -2.268711 1.032691 0.144000
v -2.477875 1.227298 0.144000
v -2.621645 1.433079 0.144000
v -2.704570 1.630493 0.144000
v -2.264800 1.058400 0.000000
v -2.462400 1.249200 0.000000
v -2.597600 1.450800 0.000000
v -2.675200 1.641600 0.000000
v -1.989600 0.868800 -0.144000
v -2.268711 1.032691 -0.144000
v -2.477875 1.227298 -0.144000
v -2.621645 1.433079 -0.144000
v -2.704570 1.630493 -0.144000
v -1.964800 0.794400 -0.216000
v -2.278035 0.971386 -0.216000
v -2.514777 1.175069 -0.216000
v -2.678982 1.390819 -0.216000
v -2.774605 1.604006 -0.216000
v -1.935200 0.705600 -0.216000
v -2.289165 0.898214 -0.216000
v -2.558822 1.112731 -0.216000
v -2.747417 1.340381 -0.216000
v -2.858195 1.572394 -0.216000
v -1.910400 0.631200 -0.144000
v -2.298490 0.836909 -0.144000
v -2.595725 1.060502 -0.144000
v -2.804755 1.298122 -0.144000
v -2.928231 1.545907 -0.144000
v 3.237600 2.400000 0.120000
v 2.881466 2.100072 0.140467
v 2.922400 2.090400 0.000000
v 3.300000 2.400000 0.000000
v 2.718253 1.696032 0.189274
v 2.751200 1.669200 0.000000
v 2.579347 1.270536 0.247526
v 2.608800 1.222800 0.000000
v 2.296134 0.906240 0.296333
v 2.317600 0.837600 0.000000
v 1.700000 0.685800 0.316800
v 1.700000 0.600000 0.000000
v 3.088800 2.400000 0.180000
v 2.783853 2.123136 0.210701
v 2.639686 1.760016 0.283910
v 2.509114 1.384368 0.371290
v 2.244947 1.069920 0.444499
v 1.700000 0.890400 0.475200
v 2.911200 2.400000 0.180000
v 2.667347 2.150664 0.210701
v 2.545914 1.836384 0.283910
v 2.425286 1.520232 0.371290
v 2.183853 1.265280 0.444499
v 1.700000 1.134600 0.475200
v 2.762400 2.400000 0.120000
v 2.569735 2.173728 0.140467
v 2.467347 1.900368 0.189274
v 2.355053 1.634064 0.247526
v 2.132666 1.428960 0.296333
v 1.700000 1.339200 0.316800
v 2.700000 2.400000 0.000000
v 2.528800 2.183400 0.000000
v 2.434400 1.927200 0.000000
v 2.325600 1.681800 0.000000
v 2.111200 1.497600 0.000000
v 1.700000 1.425000 0.000000
v 2.762400 2.400000 -0.120000
v 2.569735 2.173728 -0.140467
v 2.467347 1.900368 -0.189274
v 2.355053 1.634064 -0.247526
v 2.132666 1.428960 -0.296333
v 1.700000 1.339200 -0.316800
v 2.911200 2.400000 -0.180000
v 2.667347 2.150664 -0.210701
v 2.545914 1.836384 -0.283910
v 2.425286 1.520232 -0.371290
v 2.183853 1.265280 -0.444499
v 1.700000 1.134600 -0.475200
v 3.088800 2.400000 -0.180000
v 2.783853 2.123136 -0.210701
v 2.639686 1.760016 -0.283910
v 2.509114 1.384368 -0.371290
v 2.244947 1.069920 -0.444499
v 1.700000 0.890400 -0.475200
v 3.237600 2.400000 -0.120000
v 2.881466 2.100072 -0.140467
v 2.718253 1.696032 -0.189274
v 2.579347 1.270536 -0.247526
v 2.296134 0.906240 -0.296333
v 1.700000 0.685800 -0.316800
v 3.158400 2.400000 0.072000
v 3.276999 2.450515 0.076992
v 3.328000 2.452200 0.000000
v 3.200000 2.400000 0.000000
v 3.348595 2.473354 0.088896
v 3.408000 2.475600 0.000000
v 3.368813 2.470935 0.103104
v 3.434000 2.472900 0.000000
v 3.333274 2.445677 0.115008
v 3.400000 2.446800 0.000000
v 3.059200 2.400000 0.108000
v 3.155379 2.446498 0.115488
v 3.206938 2.467997 0.133344
v 3.213367 2.466247 0.154656
v 3.174157 2.442999 0.172512
v 2.940800 2.400000 0.108000
v 3.010221 2.441702 0.115488
v 3.037862 2.461603 0.133344
v 3.027834 2.460653 0.154656
v 2.984243 2.439802 0.172512
v 2.841600 2.400000 0.072000
v 2.888602 2.437685 0.076992
v 2.896205 2.456246 0.088896
v 2.872387 2.455966 0.103104
v 2.825126 2.437123 0.115008
v 2.800000 2.400000 0.000000
v 2.837600 2.436000 0.000000
v 2.836800 2.454000 0.000000
v 2.807200 2.454000 0.000000
v 2.758400 2.436000 0.000000
v 2.841600 2.400000 -0.072000
v 2.888602 2.437685 -0.076992
v 2.896205 2.456246 -0.088896
v 2.872387 2.455966 -0.103104
v 2.825127 2.437123 -0.115008
v 2.940800 2.400000 -0.108000
v 3.010221 2.441703 -0.115488
v 3.037862 2.461603 -0.133344
v 3.027834 2.460653 -0.154656
v 2.984243 2.439802 -0.172512
v 3.059200 2.400000 -0.108000
v 3.155379 2.446498 -0.115488
v 3.206938 2.467997 -0.133344
v 3.213367 2.466247 -0.154656
v 3.174157 2.442999 -0.172512
v 3.158400 2.400000 -0.072000
v 3.276999 2.450516 -0.076992
v 3.348595 2.473354 -0.088896
v 3.368813 2.470935 -0.103104
v 3.333274 2.445677 -0.115008
v 0.063808 2.700000 0.189952
v 0.057246 2.804400 0.170215
v 0.000000 2.804400 0.179200
v 0.000000 2.700000 0.200000
v 0.087511 2.923200 0.259910
v 0.000000 2.923200 0.273600
v 0.114676 3.034800 0.340477
v 0.000000 3.034800 0.358400
v 0.098814 3.117600 0.293360
v 0.000000 3.117600 0.308800
v 0.000000 3.150000 0.000000
v 0.118784 2.700000 0.161856
v 0.106513 2.804400 0.145078
v 0.162745 2.923200 0.221585
v 0.213234 3.034800 0.290295
v 0.183734 3.117600 0.250127
v 0.161856 2.700000 0.118784
v 0.145078 2.804400 0.106513
v 0.221585 2.923200 0.162745
v 0.290295 3.034800 0.213234
v 0.250127 3.117600 0.183734
v 0.189952 2.700000 0.063808
v 0.170215 2.804400 0.057246
v 0.259910 2.923200 0.087511
v 0.340477 3.034800 0.114676
v 0.293360 3.117600 0.098814
v 0.200000 2.700000 0.000000
v 0.179200 2.804400 0.000000
v 0.273600 2.923200 0.000000
v 0.358400 3.034800 0.000000
v 0.308800 3.117600 0.000000
v -0.189952 2.700000 0.063808
v -0.170215 2.804400 0.057246
v -0.179200 2.804400 0.000000
v -0.200000 2.700000 0.000000
v -0.259910 2.923200 0.087511
v -0.273600 2.923200 0.000000
v -0.340477 3.034800 0.114676
v -0.358400 3.034800 0.000000
v -0.293360 3.117600 0.098814
v -0.308800 3.117600 0.000000
v -0.161856 2.700000 0.118784
v -0.145078 2.804400 0.106513
v -0.221585 2.923200 0.162745
v -0.290295 3.034800 0.213234
v -0.250127 3.117600 0.183734
v -0.118784 2.700000 0.161856
v -0.106513 2.804400 0.145078
v -0.162745 2.923200 0.221585
v -0.213234 3.034800 0.290295
v -0.183734 3.117600 0.250127
v -0.063808 2.700000 0.189952
v -0.057246 2.804400 0.170215
v -0.087511 2.923200 0.259910
v -0.114676 3.034800 0.340477
v -0.098814 3.117600 0.293360
v -0.063808 2.700000 -0.189952
v -0.057246 2.804400 -0.170215
v 0.000000 2.804400 -0.179200
v 0.000000 2.700000 -0.200000
v -0.087511 2.923200 -0.259910
v 0.000000 2.923200 -0.273600
v -0.114676 3.034800 -0.340477
v 0.000000 3.034800 -0.358400
v -0.098814 3.117600 -0.293360
v 0.000000 3.117600 -0.308800
v -0.118784 2.700000 -0.161856
v -0.106513 2.804400 -0.145078
v -0.162745 2.923200 -0.221585
v -0.213234 3.034800 -0.290295
v -0.183734 3.117600 -0.250127
v -0.161856 2.700000 -0.118784
v -0.145078 2.804400 -0.106513
v -0.221585 2.923200 -0.162745
v -0.290295 3.034800 -0.213234
v -0.250127 3.117600 -0.183734
v -0.189952 2.700000 -0.063808
v -0.170215 2.804400 -0.057246
v -0.259910 2.923200 -0.087511
v -0.340477 3.034800 -0.114676
v -0.293360 3.117600 -0.098814
v 0.189952 2.700000 -0.063808
v 0.170215 2.804400 -0.057246
v 0.259910 2.923200 -0.087511
v 0.340477 3.034800 -0.114676
v 0.293360 3.117600 -0.098814
v 0.161856 2.700000 -0.118784
v 0.145078 2.804400 -0.106513
v 0.221585 2.923200 -0.162745
v 0.290295 3.034800 -0.213234
v 0.250127 3.117600 -0.183734
v 0.118784 2.700000 -0.161856
v 0.106513 2.804400 -0.145078
v 0.162745 2.923200 -0.221585
v 0.213234 3.034800 -0.290295
v 0.183734 3.117600 -0.250127
v 0.063808 2.700000 -0.189952
v 0.057246 2.804400 -0.170215
v 0.087511 2.923200 -0.259910
v 0.114676 3.034800 -0.340477
v 0.098814 3.117600 -0.293360
v 0.441634 2.397589 1.314713
v 0.409292 2.476811 1.218435
v -0.000000 2.476811 1.282887
v -0.000000 2.397589 1.384258
v 0.309596 2.527200 0.921647
v 0.000000 2.527200 0.970400
v 0.214905 2.572800 0.639758
v 0.000000 2.572800 0.673600
v 0.124808 2.625600 0.371546
v 0.000000 2.625600 0.391200
v 0.822138 2.397589 1.120252
v 0.761933 2.476811 1.038215
v 0.576340 2.527200 0.785325
v 0.400065 2.572800 0.545131
v 0.232341 2.625600 0.316590
v 1.120252 2.397589 0.822138
v 1.038215 2.476811 0.761932
v 0.785325 2.527200 0.576340
v 0.545131 2.572800 0.400064
v 0.316590 2.625600 0.232341
v 1.314713 2.397589 0.441634
v 1.218435 2.476811 0.409292
v 0.921647 2.527200 0.309596
v 0.639758 2.572800 0.214905
v 0.371546 2.625600 0.124808
v 1.384258 2.397589 -0.000000
v 1.282887 2.476811 -0.000000
v 0.970400 2.527200 0.000000
v 0.673600 2.572800 0.000000
v 0.391200 2.625600 0.000000
v -1.314713 2.397589 0.441634
v -1.218435 2.476811 0.409292
v -1.282887 2.476811 -0.000000
v -1.384258 2.397589 -0.000000
v -0.921647 2.527200 0.309596
v -0.970400 2.527200 0.000000
v -0.639758 2.572800 0.214905
v -0.673600 2.572800 0.000000
v -0.371546 2.625600 0.124808
v -0.391200 2.625600 0.000000
v -1.120252 2.397589 0.822138
v -1.038215 2.476811 0.761933
v -0.785325 2.527200 0.576340
v -0.545131 2.572800 0.400065
v -0.316590 2.625600 0.232341
v -0.822138 2.397589 1.120252
v -0.761932 2.476811 1.038215
v -0.576340 2.527200 0.785325
v -0.400064 2.572800 0.545131
v -0.232341 2.625600 0.316590
v -0.441634 2.397589 1.314713
v -0.409292 2.476811 1.218435
v -0.309596 2.527200 0.921647
v -0.214905 2.572800 0.639758
v -0.124808 2.625600 0.371546
v -0.441634 2.397589 -1.314713
v -0.409292 2.476811 -1.218435
v -0.000000 2.476811 -1.282887
v -0.000000 2.397589 -1.384258
v -0.309596 2.527200 -0.921647
v 0.000000 2.527200 -0.970400
v -0.214905 2.572800 -0.639758
v 0.000000 2.572800 -0.673600
v -0.124808 2.625600 -0.371546
v 0.000000 2.625600 -0.391200
v -0.822138 2.397589 -1.120252
v -0.761933 2.476811 -1.038215
v -0.576340 2.527200 -0.785325
v -0.400065 2.572800 -0.545131
v -0.232341 2.625600 -0.316590
v -1.120252 2.397589 -0.822138
v -1.038215 2.476811 -0.761932
v -0.785325 2.527200 -0.576340
v -0.545131 2.572800 -0.400064
v -0.316590 2.625600 -0.232341
v -1.314713 2.397589 -0.441634
v -1.218435 2.476811 -0.409292
v -0.921647 2.527200 -0.309596
v -0.639758 2.572800 -0.214905
v -0.371546 2.625600 -0.124808
v 1.314713 2.397589 -0.441634
v 1.218435 2.476811 -0.409292
v 0.921647 2.527200 -0.309596
v 0.639758 2.572800 -0.214905
v 0.371546 2.625600 -0.124808
v 1.120252 2.397589 -0.822138
v 1.038215 2.476811 -0.761933
v 0.785325 2.527200 -0.576340
v 0.545131 2.572800 -0.400065
v 0.316590 2.625600 -0.232341
v 0.822138 2.397589 -1.120252
v 0.761932 2.476811 -1.038215
v 0.576340 2.527200 -0.785325
v 0.400064 2.572800 -0.545131
v 0.232341 2.625600 -0.316590
v 0.441634 2.397589 -1.314713
v 0.409292 2.476811 -1.218435
v 0.309596 2.527200 -0.921647
v 0.214905 2.572800 -0.639758
v 0.124808 2.625600 -0.371546
v 0.478560 0.150000 -1.424640
v 0.472434 0.105600 -1.406404
v 0.000000 0.105600 -1.480800
v 0.441041 0.064800 -1.312948
v 0.000000 0.064800 -1.382400
v 0.364854 0.031200 -1.086146
v 0.000000 0.031200 -1.143600
v 0.224349 0.008400 -0.667871
v 0.000000 0.008400 -0.703200
v 0.000000 0.000000 0.000000
v 0.879477 0.105600 -1.198382
v 0.821035 0.064800 -1.118749
v 0.679207 0.031200 -0.925493
v 0.417645 0.008400 -0.569086
v 1.198382 0.105600 -0.879477
v 1.118749 0.064800 -0.821035
v 0.925493 0.031200 -0.679207
v 0.569086 0.008400 -0.417645
v 1.424640 0.150000 -0.478560
v 1.406404 0.105600 -0.472434
v 1.312948 0.064800 -0.441041
v 1.086146 0.031200 -0.364854
v 0.667871 0.008400 -0.224349
v 1.480800 0.105600 0.000000
v 1.382400 0.064800 0.000000
v 1.143600 0.031200 0.000000
v 0.703200 0.008400 0.000000
v -1.424640 0.150000 -0.478560
v -1.406404 0.105600 -0.472434
v -1.480800 0.105600 0.000000
v -1.312948 0.064800 -0.441041
v -1.382400 0.064800 0.000000
v -1.086146 0.031200 -0.364854
v -1.143600 0.031200 0.000000
v -0.667871 0.008400 -0.224349
v -0.703200 0.008400 0.000000
v -1.198382 0.105600 -0.879477
v -1.118749 0.064800 -0.821035
v -0.925493 0.031200 -0.679207
v -0.569086 0.008400 -0.417645
v -0.879477 0.105600 -1.198382
v -0.821035 0.064800 -1.118749
v -0.679207 0.031200 -0.925493
v -0.417645 0.008400 -0.569086
v -0.478560 0.150000 -1.424640
v -0.472434 0.105600 -1.406404
v -0.441041 0.064800 -1.312948
v -0.364854 0.031200 -1.086146
v -0.224349 0.008400 -0.667871
v -0.478560 0.150000 1.424640
v -0.472434 0.105600 1.406404
v 0.000000 0.105600 1.480800
v -0.441041 0.064800 1.312948
v 0.000000 0.064800 1.382400
v -0.364854 0.031200 1.086146
v 0.000000 0.031200 1.143600
v -0.224349 0.008400 0.667871
v 0.000000 0.008400 0.703200
v -0.879477 0.105600 1.198382
v -0.821035 0.064800 1.118749
v -0.679207 0.031200 0.925493
v -0.417645 0.008400 0.569086
v -1.198382 0.105600 0.879477
v -1.118749 0.064800 0.821035
v -0.925493 0.031200 0.679207
v -0.569086 0.008400 0.417645
v -1.424640 0.150000 0.478560
v -1.406404 0.105600 0.472434
v -1.312948 0.064800 0.441041
v -1.086146 0.031200 0.364854
v -0.667871 0.008400 0.224349
v 1.424640 0.150000 0.478560
v 1.406404 0.105600 0.472434
v 1.312948 0.064800 0.441041
v 1.086146 0.031200 0.364854
v 0.667871 0.008400 0.224349
v 1.198382 0.105600 0.879477
v 1.118749 0.064800 0.821035
v 0.925493 0.031200 0.679207
v 0.569086 0.008400 0.417645
v 0.879477 0.105600 1.198382
v 0.821035 0.064800 1.118749
v 0.679207 0.031200 0.925493
v 0.417645 0.008400 0.569086
v 0.478560 0.150000 1.424640
v 0.472434 0.105600 1.406404
v 0.441041 0.064800 1.312948
v 0.364854 0.031200 1.086146
v 0.224349 0.008400 0.667871
vn 0.2709 0.4818 0.8333
vn 0.2312 0.6637 0.7114
vn -0.0000 0.6631 0.7485
vn -0.0000 0.4812 0.8766
vn 0.1101 0.9341 0.3395
vn -0.0000 0.9341 0.3570
vn -0.1706 0.8344 -0.5242
vn -0.0000 0.8339 -0.5520
vn -0.3089 -0.0000 -0.9511
vn -0.0000 -0.0000 -1.0000
vn -0.2954 -0.2976 -0.9078
vn -0.0000 -0.2971 -0.9549
vn 0.5152 0.4826 0.7083
vn 0.4396 0.6644 0.6044
vn 0.2094 0.9344 0.2881
vn -0.3245 0.8342 -0.4459
vn -0.5882 -0.0000 -0.8087
vn -0.5616 -0.2981 -0.7718
vn 0.7083 0.4826 0.5152
vn 0.6044 0.6644 0.4396
vn 0.2881 0.9344 0.2094
vn -0.4459 0.8342 -0.3245
vn -0.8087 -0.0000 -0.5882
vn -0.7718 -0.2981 -0.5616
vn 0.8333 0.4818 0.2709
vn 0.7114 0.6637 0.2312
vn 0.3395 0.9341 0.1101
vn -0.5242 0.8344 -0.1706
vn -0.9511 -0.0000 -0.3089
vn -0.9078 -0.2976 -0.2954
vn 0.8766 0.4812 -0.0000
vn 0.7485 0.6631 -0.0000
vn 0.3570 0.9341 -0.0000
vn -0.5520 0.8339 -0.0000
vn -1.0000 -0.0000 -0.0000
vn -0.9549 -0.2971 -0.0000
vn -0.8333 0.4818 0.2709
vn -0.7114 0.6637 0.2312
vn -0.7485 0.6631 -0.0000
vn -0.8766 0.4812 -0.0000
vn -0.3395 0.9341 0.1101
vn -0.3570 0.9341 -0.0000
vn 0.5242 0.8344 -0.1706
vn 0.5520 0.8339 -0.0000
vn 0.9511 -0.0000 -0.3089
vn 1.0000 -0.0000 -0.0000
vn 0.9078 -0.2976 -0.2954
vn 0.9549 -0.2971 -0.0000
vn -0.7083 0.4826 0.5152
vn -0.6044 0.6644 0.4396
vn -0.2881 0.9344 0.2094
vn 0.4459 0.8342 -0.3245
vn 0.8087 -0.0000 -0.5882
vn 0.7718 -0.2981 -0.5616
vn -0.5152 0.4826 0.7083
vn -0.4396 0.6644 0.6044
vn -0.2094 0.9344 0.2881
vn 0.3245 0.8342 -0.4459
vn 0.5882 -0.0000 -0.8087
vn 0.5616 -0.2981 -0.7718
vn -0.2709 0.4818 0.8333
vn -0.2312 0.6637 0.7114
vn -0.1101 0.9341 0.3395
vn 0.1706 0.8344 -0.5242
vn 0.3089 -0.0000 -0.9511
vn 0.2954 -0.2976 -0.9078
vn -0.2709 0.4818 -0.8333
vn -0.2312 0.6637 -0.7114
vn -0.0000 0.6631 -0.7485
vn -0.0000 0.4812 -0.8766
vn -0.1101 0.9341 -0.3395
vn -0.0000 0.9341 -0.3570
vn 0.1706 0.8344 0.5242
vn -0.0000 0.8339 0.5520
vn 0.3089 -0.0000 0.9511
vn -0.0000 -0.0000 1.0000
vn 0.2954 -0.2976 0.9078
vn -0.0000 -0.2971 0.9549
vn -0.5152 0.4826 -0.7083
vn -0.4396 0.6644 -0.6044
vn -0.2094 0.9344 -0.2881
vn 0.3245 0.8342 0.4459
vn 0.5882 -0.0000 0.8087
vn 0.5616 -0.2981 0.7718
vn -0.7083 0.4826 -0.5152
vn -0.6044 0.6644 -0.4396
vn -0.2881 0.9344 -0.2094
vn 0.4459 0.8342 0.3245
vn 0.8087 -0.0000 0.5882
vn 0.7718 -0.2981 0.5616
vn -0.8333 0.4818 -0.2709
vn -0.7114 0.6637 -0.2312
vn -0.3395 0.9341 -0.1101
vn 0.5242 0.8344 0.1706
vn 0.9511 -0.0000 0.3089
vn 0.9078 -0.2976 0.2954
vn 0.8333 0.4818 -0.2709
vn 0.7114 0.6637 -0.2312
vn 0.3395 0.9341 -0.1101
vn -0.5242 0.8344 0.1706
vn -0.9511 -0.0000 0.3089
vn -0.9078 -0.2976 0.2954
vn 0.7083 0.4826 -0.5152
vn 0.6044 0.6644 -0.4396
vn 0.2881 0.9344 -0.2094
vn -0.4459 0.8342 0.3245
vn -0.8087 -0.0000 0.5882
vn -0.7718 -0.2981 0.5616
vn 0.5152 0.4826 -0.7083
vn 0.4396 0.6644 -0.6044
vn 0.2094 0.9344 -0.2881
vn -0.3245 0.8342 0.4459
vn -0.5882 -0.0000 0.8087
vn -0.5616 -0.2981 0.7718
vn 0.2709 0.4818 -0.8333
vn 0.2312 0.6637 -0.7114
vn 0.1101 0.9341 -0.3395
vn -0.1706 0.8344 0.5242
vn -0.3089 -0.0000 0.9511
vn -0.2954 -0.2976 0.9078
vn 0.3089 -0.0543 0.9496
vn 0.3045 0.1752 0.9363
vn -0.0000 0.1749 0.9846
vn -0.0000 -0.0542 0.9985
vn 0.2951 0.2981 0.9078
vn -0.0000 0.2976 0.9547
vn 0.2868 0.3732 0.8823
vn -0.0000 0.3726 0.9280
vn 0.2815 0.4136 0.8659
vn -0.0000 0.4129 0.9108
vn 0.5875 -0.0544 0.8074
vn 0.5792 0.1755 0.7961
vn 0.5614 0.2987 0.7717
vn 0.5456 0.3739 0.7500
vn 0.5354 0.4142 0.7360
vn 0.8074 -0.0544 0.5875
vn 0.7961 0.1755 0.5792
vn 0.7717 0.2987 0.5614
vn 0.7500 0.3739 0.5456
vn 0.7360 0.4142 0.5354
vn 0.9496 -0.0543 0.3089
vn 0.9363 0.1752 0.3045
vn 0.9078 0.2981 0.2951
vn 0.8823 0.3732 0.2868
vn 0.8659 0.4136 0.2815
vn 0.9985 -0.0542 -0.0000
vn 0.9846 0.1749 -0.0000
vn 0.9547 0.2976 -0.0000
vn 0.9280 0.3726 -0.0000
vn 0.9108 0.4129 -0.0000
vn -0.9496 -0.0543 0.3089
vn -0.9363 0.1752 0.3045
vn -0.9846 0.1749 -0.0000
vn -0.8517 0.5241 -0.0000
vn -0.9078 0.2981 0.2951
vn -0.9547 0.2976 -0.0000
vn -0.8823 0.3732 0.2868
vn -0.9280 0.3726 -0.0000
vn -0.8659 0.4136 0.2815
vn -0.9108 0.4129 -0.0000
vn -0.8074 -0.0544 0.5875
vn -0.7961 0.1755 0.5792
vn -0.7717 0.2987 0.5614
vn -0.7500 0.3739 0.5456
vn -0.7360 0.4142 0.5354
vn -0.5875 -0.0544 0.8074
vn -0.5792 0.1755 0.7961
vn -0.5614 0.2987 0.7717
vn -0.5456 0.3739 0.7500
vn -0.5354 0.4142 0.7360
vn -0.3089 -0.0543 0.9496
vn -0.3045 0.1752 0.9363
vn -0.2951 0.2981 0.9078
vn -0.2868 0.3732 0.8823
vn -0.2815 0.4136 0.8659
vn -0.3089 -0.0543 -0.9496
vn -0.3045 0.1752 -0.9363
vn -0.0000 0.1749 -0.9846
vn -0.0000 -0.0542 -0.9985
vn -0.2951 0.2981 -0.9078
vn -0.0000 0.2976 -0.9547
vn -0.2868 0.3732 -0.8823
vn -0.0000 0.3726 -0.9280
vn -0.2815 0.4136 -0.8659
vn -0.0000 0.4129 -0.9108
vn -0.5875 -0.0544 -0.8074
vn -0.5792 0.1755 -0.7961
vn -0.5614 0.2987 -0.7717
vn -0.5456 0.3739 -0.7500
vn -0.5354 0.4142 -0.7360
vn -0.8074 -0.0544 -0.5875
vn -0.7961 0.1755 -0.5792
vn -0.7717 0.2987 -0.5614
vn -0.7500 0.3739 -0.5456
vn -0.7360 0.4142 -0.5354
vn -0.9496 -0.0543 -0.3089
vn -0.9363 0.1752 -0.3045
vn -0.9078 0.2981 -0.2951
vn -0.8823 0.3732 -0.2868
vn -0.8659 0.4136 -0.2815
vn 0.9496 -0.0543 -0.3089
vn 0.9363 0.1752 -0.3045
vn 0.9078 0.2981 -0.2951
vn 0.8823 0.3732 -0.2868
vn 0.8659 0.4136 -0.2815
vn 0.8074 -0.0544 -0.5875
vn 0.7961 0.1755 -0.5792
vn 0.7717 0.2987 -0.5614
vn 0.7500 0.3739 -0.5456
vn 0.7360 0.4142 -0.5354
vn 0.5875 -0.0544 -0.8074
vn 0.5792 0.1755 -0.7961
vn 0.5614 0.2987 -0.7717
vn 0.5456 0.3739 -0.7500
vn 0.5354 0.4142 -0.7360
vn 0.3089 -0.0543 -0.9496
vn 0.3045 0.1752 -0.9363
vn 0.2951 0.2981 -0.9078
vn 0.2868 0.3732 -0.8823
vn 0.2815 0.4136 -0.8659
vn 0.2387 -0.6337 0.7359
vn 0.2178 -0.7095 0.6702
vn -0.0000 -0.7088 0.7054
vn -0.0000 -0.5261 0.8504
vn 0.2082 -0.7389 0.6408
vn -0.0000 -0.7384 0.6744
vn 0.2414 -0.6247 0.7426
vn -0.0000 -0.6241 0.7814
vn 0.2867 -0.3750 0.8816
vn -0.0000 -0.3745 0.9272
vn 0.4997 -0.5275 0.6870
vn 0.4142 -0.7101 0.5694
vn 0.3959 -0.7396 0.5443
vn 0.4590 -0.6255 0.6310
vn 0.5452 -0.3756 0.7494
vn 0.6870 -0.5275 0.4997
vn 0.5694 -0.7101 0.4142
vn 0.5443 -0.7396 0.3959
vn 0.6310 -0.6255 0.4590
vn 0.7494 -0.3756 0.5452
vn 0.7359 -0.6337 0.2387
vn 0.6702 -0.7095 0.2178
vn 0.6408 -0.7389 0.2082
vn 0.7426 -0.6247 0.2414
vn 0.8816 -0.3750 0.2867
vn 0.8504 -0.5261 -0.0000
vn 0.7054 -0.7088 -0.0000
vn 0.6744 -0.7384 -0.0000
vn 0.7814 -0.6241 -0.0000
vn 0.9272 -0.3745 -0.0000
vn -0.7359 -0.6337 0.2387
vn -0.6702 -0.7095 0.2178
vn -0.7054 -0.7088 -0.0000
vn -0.8504 -0.5261 -0.0000
vn -0.6408 -0.7389 0.2082
vn -0.6744 -0.7384 -0.0000
vn -0.7426 -0.6247 0.2414
vn -0.7814 -0.6241 -0.0000
vn -0.8816 -0.3750 0.2867
vn -0.9272 -0.3745 -0.0000
vn -0.6870 -0.5275 0.4997
vn -0.5694 -0.7101 0.4142
vn -0.5443 -0.7396 0.3959
vn -0.6310 -0.6255 0.4590
vn -0.7494 -0.3756 0.5452
vn -0.4997 -0.5275 0.6870
vn -0.4142 -0.7101 0.5694
vn -0.3959 -0.7396 0.5443
vn -0.4590 -0.6255 0.6310
vn -0.5452 -0.3756 0.7494
vn -0.2387 -0.6337 0.7359
vn -0.2178 -0.7095 0.6702
vn -0.2082 -0.7389 0.6408
vn -0.2414 -0.6247 0.7426
vn -0.2867 -0.3750 0.8816
vn -0.2387 -0.6337 -0.7359
vn -0.2178 -0.7095 -0.6702
vn -0.0000 -0.7088 -0.7054
vn -0.0000 -0.5261 -0.8504
vn -0.2082 -0.7389 -0.6408
vn -0.0000 -0.7384 -0.6744
vn -0.2414 -0.6247 -0.7426
vn -0.0000 -0.6241 -0.7814
vn -0.2867 -0.3750 -0.8816
vn -0.0000 -0.3745 -0.9272
vn -0.4997 -0.5275 -0.6870
vn -0.4142 -0.7101 -0.5694
vn -0.3959 -0.7396 -0.5443
vn -0.4590 -0.6255 -0.6310
vn -0.5452 -0.3756 -0.7494
vn -0.6870 -0.5275 -0.4997
vn -0.5694 -0.7101 -0.4142
vn -0.5443 -0.7396 -0.3959
vn -0.6310 -0.6255 -0.4590
vn -0.7494 -0.3756 -0.5452
vn -0.7359 -0.6337 -0.2387
vn -0.6702 -0.7095 -0.2178
vn -0.6408 -0.7389 -0.2082
vn -0.7426 -0.6247 -0.2414
vn -0.8816 -0.3750 -0.2867
vn 0.7359 -0.6337 -0.2387
vn 0.6702 -0.7095 -0.2178
vn 0.6408 -0.7389 -0.2082
vn 0.7426 -0.6247 -0.2414
vn 0.8816 -0.3750 -0.2867
vn 0.6870 -0.5275 -0.4997
vn 0.5694 -0.7101 -0.4142
vn 0.5443 -0.7396 -0.3959
vn 0.6310 -0.6255 -0.4590
vn 0.7494 -0.3756 -0.5452
vn 0.4997 -0.5275 -0.6870
vn 0.4142 -0.7101 -0.5694
vn 0.3959 -0.7396 -0.5443
vn 0.4590 -0.6255 -0.6310
vn 0.5452 -0.3756 -0.7494
vn 0.2387 -0.6337 -0.7359
vn 0.2178 -0.7095 -0.6702
vn 0.2082 -0.7389 -0.6408
vn 0.2414 -0.6247 -0.7426
vn 0.2867 -0.3750 -0.8816
vn -0.8811 0.0492 0.4704
vn -0.7291 0.5060 0.4608
vn -0.8294 0.5586 -0.0000
vn -0.9986 0.0527 -0.0000
vn -0.3723 0.8225 0.4300
vn -0.4255 0.9050 -0.0000
vn -0.1280 0.9063 0.4028
vn -0.1445 0.9895 -0.0000
vn -0.0296 0.9174 0.3968
vn -0.0332 0.9994 -0.0000
vn -0.0061 0.9287 0.3707
vn -0.0067 1.0000 -0.0000
vn -0.4172 0.0286 0.9084
vn -0.3457 0.2775 0.8964
vn -0.1563 0.4276 0.8903
vn -0.0511 0.4499 0.8916
vn -0.0126 0.4457 0.8951
vn -0.0035 0.5397 0.8418
vn 0.3223 -0.0261 0.9463
vn 0.2428 -0.1873 0.9518
vn 0.1402 -0.3533 0.9249
vn 0.0511 -0.4201 0.9061
vn 0.0116 -0.4359 0.8999
vn 0.0019 -0.3462 0.9382
vn 0.8545 -0.0940 0.5108
vn 0.6308 -0.5931 0.5003
vn 0.2710 -0.8627 0.4271
vn 0.0889 -0.9112 0.4023
vn 0.0213 -0.9168 0.3989
vn 0.0047 -0.9068 0.4216
vn 0.9923 -0.1237 -0.0000
vn 0.7136 -0.7006 -0.0000
vn 0.2868 -0.9580 -0.0000
vn 0.0932 -0.9956 -0.0000
vn 0.0225 -0.9997 -0.0000
vn 0.0049 -1.0000 -0.0000
vn 0.8545 -0.0940 -0.5108
vn 0.6308 -0.5931 -0.5003
vn 0.2710 -0.8627 -0.4271
vn 0.0889 -0.9112 -0.4023
vn 0.0213 -0.9168 -0.3989
vn 0.0047 -0.9068 -0.4216
vn 0.3223 -0.0261 -0.9463
vn 0.2428 -0.1873 -0.9518
vn 0.1402 -0.3533 -0.9249
vn 0.0511 -0.4201 -0.9061
vn 0.0116 -0.4359 -0.8999
vn 0.0019 -0.3462 -0.9382
vn -0.4172 0.0286 -0.9084
vn -0.3457 0.2775 -0.8964
vn -0.1563 0.4276 -0.8903
vn -0.0511 0.4499 -0.8916
vn -0.0126 0.4457 -0.8951
vn -0.0035 0.5397 -0.8418
vn -0.8811 0.0492 -0.4704
vn -0.7291 0.5060 -0.4608
vn -0.3723 0.8225 -0.4300
vn -0.1280 0.9063 -0.4028
vn -0.0296 0.9174 -0.3968
vn -0.0061 0.9287 -0.3707
vn -0.4402 -0.8350 0.3303
vn -0.4889 -0.7752 0.4001
vn -0.5289 -0.8487 -0.0000
vn -0.4647 -0.8855 -0.0000
vn -0.6145 -0.6622 0.4288
vn -0.6734 -0.7392 -0.0000
vn -0.7378 -0.4932 0.4608
vn -0.8269 -0.5624 -0.0000
vn -0.8386 -0.2674 0.4745
vn -0.9516 -0.3074 -0.0000
vn -0.3007 -0.5658 0.7678
vn -0.2518 -0.3785 0.8907
vn -0.3001 -0.3099 0.9022
vn -0.3440 -0.2214 0.9125
vn -0.3850 -0.1180 0.9153
vn 0.1273 0.2253 0.9659
vn 0.2379 0.3456 0.9077
vn 0.2901 0.2690 0.9184
vn 0.3168 0.1838 0.9305
vn 0.3348 0.0981 0.9372
vn 0.4506 0.7817 0.4312
vn 0.5464 0.7342 0.4030
vn 0.6768 0.5900 0.4404
vn 0.7696 0.4232 0.4781
vn 0.8364 0.2347 0.4953
vn 0.6074 0.7944 -0.0000
vn 0.7647 0.6444 -0.0000
vn 0.8822 0.4708 -0.0000
vn 0.9639 0.2662 -0.0000
vn 0.4506 0.7817 -0.4312
vn 0.5464 0.7342 -0.4030
vn 0.6768 0.5900 -0.4404
vn 0.7696 0.4232 -0.4781
vn 0.8364 0.2347 -0.4953
vn 0.1273 0.2253 -0.9659
vn 0.2379 0.3456 -0.9077
vn 0.2901 0.2690 -0.9184
vn 0.3168 0.1838 -0.9305
vn 0.3348 0.0981 -0.9372
vn -0.3007 -0.5658 -0.7678
vn -0.2518 -0.3785 -0.8907
vn -0.3001 -0.3099 -0.9022
vn -0.3440 -0.2214 -0.9125
vn -0.3850 -0.1180 -0.9153
vn -0.4402 -0.8350 -0.3303
vn -0.4889 -0.7752 -0.4001
vn -0.6145 -0.6622 -0.4288
vn -0.7378 -0.4932 -0.4608
vn -0.8386 -0.2674 -0.4745
vn 0.4504 -0.6702 0.5899
vn 0.6779 -0.4383 0.5903
vn 0.8006 -0.5992 -0.0000
vn 0.5095 -0.8605 -0.0000
vn 0.8559 -0.2275 0.4644
vn 0.9465 -0.3226 -0.0000
vn 0.8153 -0.3868 0.4308
vn 0.8837 -0.4680 -0.0000
vn 0.5328 -0.6924 0.4864
vn 0.5895 -0.8078 -0.0000
vn 0.3172 -0.8055 0.5005
vn 0.3591 -0.9333 -0.0000
vn 0.1732 -0.0973 0.9801
vn 0.2769 -0.0288 0.9605
vn 0.4664 0.0293 0.8841
vn 0.5120 -0.0909 0.8542
vn 0.3312 -0.2894 0.8981
vn 0.1771 -0.3713 0.9115
vn -0.1654 0.3870 0.9071
vn -0.2564 0.3140 0.9142
vn -0.2351 0.3109 0.9209
vn -0.0863 0.3340 0.9386
vn -0.0093 0.3011 0.9535
vn -0.0160 0.2723 0.9621
vn -0.4915 0.6571 0.5715
vn -0.7050 0.4597 0.5401
vn -0.7652 0.4094 0.4969
vn -0.6459 0.5674 0.5108
vn -0.3290 0.7653 0.5532
vn -0.1517 0.8090 0.5680
vn -0.6728 0.7398 -0.0000
vn -0.8760 0.4824 -0.0000
vn -0.9214 0.3886 -0.0000
vn -0.8057 0.5924 -0.0000
vn -0.4331 0.9014 -0.0000
vn -0.1844 0.9828 -0.0000
vn -0.4915 0.6571 -0.5715
vn -0.7050 0.4597 -0.5401
vn -0.7652 0.4094 -0.4969
vn -0.6459 0.5674 -0.5108
vn -0.3290 0.7653 -0.5532
vn -0.1517 0.8090 -0.5680
vn -0.1654 0.3870 -0.9071
vn -0.2564 0.3140 -0.9142
vn -0.2351 0.3109 -0.9209
vn -0.0863 0.3340 -0.9386
vn -0.0093 0.3011 -0.9535
vn -0.0160 0.2723 -0.9621
vn 0.1732 -0.0973 -0.9801
vn 0.2769 -0.0288 -0.9605
vn 0.4664 0.0293 -0.8841
vn 0.5120 -0.0909 -0.8542
vn 0.3312 -0.2894 -0.8981
vn 0.1771 -0.3713 -0.9115
vn 0.4504 -0.6702 -0.5899
vn 0.6779 -0.4383 -0.5903
vn 0.8559 -0.2275 -0.4644
vn 0.8153 -0.3868 -0.4308
vn 0.5328 -0.6924 -0.4864
vn 0.3172 -0.8055 -0.5005
vn -0.3009 0.7541 -0.5837
vn -0.2739 0.8877 -0.3702
vn -0.3118 0.9501 -0.0000
vn -0.3817 0.9243 -0.0000
vn -0.0818 0.9963 -0.0264
vn -0.0206 0.9998 -0.0000
vn 0.6895 0.3352 0.6420
vn 0.9754 0.2206 -0.0000
vn 0.4685 -0.5273 0.7089
vn 0.5503 -0.8350 -0.0000
vn -0.0527 0.2680 -0.9620
vn -0.1368 0.6662 -0.7331
vn -0.0920 0.9739 -0.2075
vn 0.1669 0.7331 0.6593
vn 0.1874 0.0797 0.9790
vn 0.2553 -0.2387 -0.9369
vn 0.1289 0.3040 -0.9439
vn -0.0062 0.9277 -0.3733
vn -0.0506 0.9055 0.4212
vn -0.1113 0.5634 0.8187
vn 0.5697 -0.6189 -0.5408
vn 0.5886 -0.1583 -0.7928
vn 0.2200 0.8747 -0.4319
vn -0.1600 0.9553 0.2488
vn -0.3430 0.8070 0.4807
vn 0.6916 -0.7223 -0.0000
vn 0.8920 -0.4521 -0.0000
vn 0.5064 0.8623 -0.0000
vn -0.2333 0.9724 -0.0000
vn -0.4579 0.8890 -0.0000
vn 0.5697 -0.6189 0.5408
vn 0.5886 -0.1583 0.7928
vn 0.2200 0.8747 0.4319
vn -0.1600 0.9553 -0.2488
vn -0.3430 0.8070 -0.4807
vn 0.2553 -0.2387 0.9369
vn 0.1289 0.3040 0.9439
vn -0.0062 0.9277 0.3733
vn -0.0506 0.9055 -0.4212
vn -0.1113 0.5634 -0.8187
vn -0.0527 0.2680 0.9620
vn -0.1368 0.6662 0.7331
vn -0.0920 0.9739 0.2075
vn 0.1669 0.7331 -0.6593
vn 0.1874 0.0797 -0.9790
vn -0.3009 0.7541 0.5837
vn -0.2739 0.8877 0.3702
vn -0.0818 0.9963 0.0264
vn 0.6895 0.3352 -0.6420
vn 0.4685 -0.5273 -0.7089
vn 0.2299 0.6678 0.7079
vn 0.2987 -0.2460 0.9221
vn -0.0000 -0.2452 0.9695
vn -0.0000 0.6672 0.7449
vn 0.2431 -0.6141 0.7509
vn -0.0000 -0.6131 0.7900
vn 0.3081 -0.0523 0.9499
vn -0.0000 -0.0522 0.9986
vn 0.1745 0.8233 0.5402
vn -0.0000 0.8233 0.5677
vn -0.0000 1.0000 -0.0000
vn 0.4378 0.6678 0.6020
vn 0.5697 -0.2467 0.7840
vn 0.4633 -0.6152 0.6379
vn 0.5871 -0.0524 0.8078
vn 0.3331 0.8237 0.4588
vn 0.6020 0.6678 0.4378
vn 0.7840 -0.2467 0.5697
vn 0.6379 -0.6152 0.4633
vn 0.8078 -0.0524 0.5871
vn 0.4588 0.8237 0.3331
vn 0.7079 0.6678 0.2299
vn 0.9221 -0.2460 0.2987
vn 0.7509 -0.6141 0.2431
vn 0.9499 -0.0523 0.3081
vn 0.5402 0.8233 0.1745
vn 0.7449 0.6672 -0.0000
vn 0.9695 -0.2452 -0.0000
vn 0.7900 -0.6131 -0.0000
vn 0.9986 -0.0522 -0.0000
vn 0.5677 0.8233 -0.0000
vn -0.7079 0.6678 0.2299
vn -0.9221 -0.2460 0.2987
vn -0.9695 -0.2452 -0.0000
vn -0.7449 0.6672 -0.0000
vn -0.7509 -0.6141 0.2431
vn -0.7900 -0.6131 -0.0000
vn -0.9499 -0.0523 0.3081
vn -0.9986 -0.0522 -0.0000
vn -0.5402 0.8233 0.1745
vn -0.5677 0.8233 -0.0000
vn -0.6020 0.6678 0.4378
vn -0.7840 -0.2467 0.5697
vn -0.6379 -0.6152 0.4633
vn -0.8078 -0.0524 0.5871
vn -0.4588 0.8237 0.3331
vn -0.4378 0.6678 0.6020
vn -0.5697 -0.2467 0.7840
vn -0.4633 -0.6152 0.6379
vn -0.5871 -0.0524 0.8078
vn -0.3331 0.8237 0.4588
vn -0.2299 0.6678 0.7079
vn -0.2987 -0.2460 0.9221
vn -0.2431 -0.6141 0.7509
vn -0.3081 -0.0523 0.9499
vn -0.1745 0.8233 0.5402
vn -0.2299 0.6678 -0.7079
vn -0.2987 -0.2460 -0.9221
vn -0.0000 -0.2452 -0.9695
vn -0.0000 0.6672 -0.7449
vn -0.2431 -0.6141 -0.7509
vn -0.0000 -0.6131 -0.7900
vn -0.3081 -0.0523 -0.9499
vn -0.0000 -0.0522 -0.9986
vn -0.1745 0.8233 -0.5402
vn -0.0000 0.8233 -0.5677
vn -0.4378 0.6678 -0.6020
vn -0.5697 -0.2467 -0.7840
vn -0.4633 -0.6152 -0.6379
vn -0.5871 -0.0524 -0.8078
vn -0.3331 0.8237 -0.4588
vn -0.6020 0.6678 -0.4378
vn -0.7840 -0.2467 -0.5697
vn -0.6379 -0.6152 -0.4633
vn -0.8078 -0.0524 -0.5871
vn -0.4588 0.8237 -0.3331
vn -0.7079 0.6678 -0.2299
vn -0.9221 -0.2460 -0.2987
vn -0.7509 -0.6141 -0.2431
vn -0.9499 -0.0523 -0.3081
vn -0.5402 0.8233 -0.1745
vn 0.7079 0.6678 -0.2299
vn 0.9221 -0.2460 -0.2987
vn 0.7509 -0.6141 -0.2431
vn 0.9499 -0.0523 -0.3081
vn 0.5402 0.8233 -0.1745
vn 0.6020 0.6678 -0.4378
vn 0.7840 -0.2467 -0.5697
vn 0.6379 -0.6152 -0.4633
vn 0.8078 -0.0524 -0.5871
vn 0.4588 0.8237 -0.3331
vn 0.4378 0.6678 -0.6020
vn 0.5697 -0.2467 -0.7840
vn 0.4633 -0.6152 -0.6379
vn 0.5871 -0.0524 -0.8078
vn 0.3331 0.8237 -0.4588
vn 0.2299 0.6678 -0.7079
vn 0.2987 -0.2460 -0.9221
vn 0.2431 -0.6141 -0.7509
vn 0.3081 -0.0523 -0.9499
vn 0.1745 0.8233 -0.5402
vn 0.1906 0.7885 0.5848
vn 0.1297 0.9075 0.3996
vn -0.0000 0.9073 0.4205
vn -0.0000 0.7879 0.6158
vn 0.0481 0.9878 0.1480
vn -0.0000 0.9878 0.1559
vn 0.0513 0.9861 0.1578
vn -0.0000 0.9861 0.1663
vn 0.0820 0.9642 0.2522
vn -0.0000 0.9640 0.2658
vn 0.3615 0.7891 0.4967
vn 0.2466 0.9078 0.3392
vn 0.0914 0.9879 0.1256
vn 0.0974 0.9862 0.1340
vn 0.1558 0.9643 0.2142
vn 0.4967 0.7891 0.3615
vn 0.3392 0.9078 0.2466
vn 0.1256 0.9879 0.0914
vn 0.1340 0.9862 0.0974
vn 0.2142 0.9643 0.1558
vn 0.5848 0.7885 0.1906
vn 0.3996 0.9075 0.1297
vn 0.1480 0.9878 0.0481
vn 0.1578 0.9861 0.0513
vn 0.2522 0.9642 0.0820
vn 0.6158 0.7879 -0.0000
vn 0.4205 0.9073 -0.0000
vn 0.1559 0.9878 -0.0000
vn 0.1663 0.9861 -0.0000
vn 0.2658 0.9640 -0.0000
vn -0.5848 0.7885 0.1906
vn -0.3996 0.9075 0.1297
vn -0.4205 0.9073 -0.0000
vn -0.6158 0.7879 -0.0000
vn -0.1480 0.9878 0.0481
vn -0.1559 0.9878 -0.0000
vn -0.1578 0.9861 0.0513
vn -0.1663 0.9861 -0.0000
vn -0.2522 0.9642 0.0820
vn -0.2658 0.9640 -0.0000
vn -0.4967 0.7891 0.3615
vn -0.3392 0.9078 0.2466
vn -0.1256 0.9879 0.0914
vn -0.1340 0.9862 0.0974
vn -0.2142 0.9643 0.1558
vn -0.3615 0.7891 0.4967
vn -0.2466 0.9078 0.3392
vn -0.0914 0.9879 0.1256
vn -0.0974 0.9862 0.1340
vn -0.1558 0.9643 0.2142
vn -0.1906 0.7885 0.5848
vn -0.1297 0.9075 0.3996
vn -0.0481 0.9878 0.1480
vn -0.0513 0.9861 0.1578
vn -0.0820 0.9642 0.2522
vn -0.1906 0.7885 -0.5848
vn -0.1297 0.9075 -0.3996
vn -0.0000 0.9073 -0.4205
vn -0.0000 0.7879 -0.6158
vn -0.0481 0.9878 -0.1480
vn -0.0000 0.9878 -0.1559
vn -0.0513 0.9861 -0.1578
vn -0.0000 0.9861 -0.1663
vn -0.0820 0.9642 -0.2522
vn -0.0000 0.9640 -0.2658
vn -0.3615 0.7891 -0.4967
vn -0.2466 0.9078 -0.3392
vn -0.0914 0.9879 -0.1256
vn -0.0974 0.9862 -0.1340
vn -0.1558 0.9643 -0.2142
vn -0.4967 0.7891 -0.3615
vn -0.3392 0.9078 -0.2466
vn -0.1256 0.9879 -0.0914
vn -0.1340 0.9862 -0.0974
vn -0.2142 0.9643 -0.1558
vn -0.5848 0.7885 -0.1906
vn -0.3996 0.9075 -0.1297
vn -0.1480 0.9878 -0.0481
vn -0.1578 0.9861 -0.0513
vn -0.2522 0.9642 -0.0820
vn 0.5848 0.7885 -0.1906
vn 0.3996 0.9075 -0.1297
vn 0.1480 0.9878 -0.0481
vn 0.1578 0.9861 -0.0513
vn 0.2522 0.9642 -0.0820
vn 0.4967 0.7891 -0.3615
vn 0.3392 0.9078 -0.2466
vn 0.1256 0.9879 -0.0914
vn 0.1340 0.9862 -0.0974
vn 0.2142 0.9643 -0.1558
vn 0.3615 0.7891 -0.4967
vn 0.2466 0.9078 -0.3392
vn 0.0914 0.9879 -0.1256
vn 0.0974 0.9862 -0.1340
vn 0.1558 0.9643 -0.2142
vn 0.1906 0.7885 -0.5848
vn 0.1297 0.9075 -0.3996
vn 0.0481 0.9878 -0.1480
vn 0.0513 0.9861 -0.1578
vn 0.0820 0.9642 -0.2522
vn 0.2840 -0.3975 -0.8725
vn 0.2224 -0.6945 -0.6842
vn -0.0000 -0.6943 -0.7197
vn 0.0847 -0.9616 -0.2612
vn -0.0000 -0.9615 -0.2749
vn 0.0308 -0.9950 -0.0949
vn -0.0000 -0.9950 -0.0999
vn 0.0104 -0.9994 -0.0321
vn -0.0000 -0.9994 -0.0338
vn -0.0000 -1.0000 -0.0000
vn 0.4228 -0.6952 -0.5813
vn 0.1611 -0.9617 -0.2216
vn 0.0586 -0.9950 -0.0805
vn 0.0198 -0.9994 -0.0272
vn 0.5813 -0.6952 -0.4228
vn 0.2216 -0.9617 -0.1611
vn 0.0805 -0.9950 -0.0586
vn 0.0272 -0.9994 -0.0198
vn 0.8725 -0.3975 -0.2840
vn 0.6842 -0.6945 -0.2224
vn 0.2612 -0.9616 -0.0847
vn 0.0949 -0.9950 -0.0308
vn 0.0321 -0.9994 -0.0104
vn 0.7197 -0.6943 -0.0000
vn 0.2749 -0.9615 -0.0000
vn 0.0999 -0.9950 -0.0000
vn 0.0338 -0.9994 -0.0000
vn -0.8725 -0.3975 -0.2840
vn -0.6842 -0.6945 -0.2224
vn -0.7197 -0.6943 -0.0000
vn -0.2612 -0.9616 -0.0847
vn -0.2749 -0.9615 -0.0000
vn -0.0949 -0.9950 -0.0308
vn -0.0999 -0.9950 -0.0000
vn -0.0321 -0.9994 -0.0104
vn -0.0338 -0.9994 -0.0000
vn -0.5813 -0.6952 -0.4228
vn -0.2216 -0.9617 -0.1611
vn -0.0805 -0.9950 -0.0586
vn -0.0272 -0.9994 -0.0198
vn -0.4228 -0.6952 -0.5813
vn -0.1611 -0.9617 -0.2216
vn -0.0586 -0.9950 -0.0805
vn -0.0198 -0.9994 -0.0272
vn -0.2840 -0.3975 -0.8725
vn -0.2224 -0.6945 -0.6842
vn -0.0847 -0.9616 -0.2612
vn -0.0308 -0.9950 -0.0949
vn -0.0104 -0.9994 -0.0321
vn -0.2840 -0.3975 0.8725
vn -0.2224 -0.6945 0.6842
vn -0.0000 -0.6943 0.7197
vn -0.0847 -0.9616 0.2612
vn -0.0000 -0.9615 0.2749
vn -0.0308 -0.9950 0.0949
vn -0.0000 -0.9950 0.0999
vn -0.0104 -0.9994 0.0321
vn -0.0000 -0.9994 0.0338
vn -0.4228 -0.6952 0.5813
vn -0.1611 -0.9617 0.2216
vn -0.0586 -0.9950 0.0805
vn -0.0198 -0.9994 0.0272
vn -0.5813 -0.6952 0.4228
vn -0.2216 -0.9617 0.1611
vn -0.0805 -0.9950 0.0586
vn -0.0272 -0.9994 0.0198
vn -0.8725 -0.3975 0.2840
vn -0.6842 -0.6945 0.2224
vn -0.2612 -0.9616 0.0847
vn -0.0949 -0.9950 0.0308
vn -0.0321 -0.9994 0.0104
vn 0.8725 -0.3975 0.2840
vn 0.6842 -0.6945 0.2224
vn 0.2612 -0.9616 0.0847
vn 0.0949 -0.9950 0.0308
vn 0.0321 -0.9994 0.0104
vn 0.5813 -0.6952 0.4228
vn 0.2216 -0.9617 0.1611
vn 0.0805 -0.9950 0.0586
vn 0.0272 -0.9994 0.0198
vn 0.4228 -0.6952 0.5813
vn 0.1611 -0.9617 0.2216
vn 0.0586 -0.9950 0.0805
vn 0.0198 -0.9994 0.0272
vn 0.2840 -0.3975 0.8725
vn 0.2224 -0.6945 0.6842
vn 0.0847 -0.9616 0.2612
vn 0.0308 -0.9950 0.0949
vn 0.0104 -0.9994 0.0321
vt 0.041475 0.405132
vt 0.055878 0.308161
vt 0.056819 0.402588
vt 0.030310 0.406921
vt 0.040612 0.306105
vt 0.023621 0.407945
vt 0.029612 0.304627
vt 0.015992 0.409182
vt 0.023192 0.303766
vt 0.000000 0.300659
vt 0.015663 0.302757
vt 0.071620 0.496846
vt 0.085662 0.489526
vt 0.061357 0.502160
vt 0.054997 0.505421
vt 0.047960 0.509065
vt 0.000000 0.411749
vt 0.129010 0.574324
vt 0.140000 0.562786
vt 0.120963 0.582814
vt 0.110706 0.593670
vt 0.116200 0.587876
vt 0.099125 0.605863
vt 0.216124 0.613921
vt 0.209527 0.628107
vt 0.204786 0.638447
vt 0.201999 0.644657
vt 0.191957 0.666558
vt 0.198750 0.651725
vt 0.307374 0.639933
vt 0.305310 0.655261
vt 0.303826 0.666308
vt 0.302961 0.672758
vt 0.299838 0.696066
vt 0.301947 0.680322
vt 0.289874 0.041792
vt 0.387234 0.056133
vt 0.292470 0.057194
vt 0.288047 0.030583
vt 0.389298 0.040805
vt 0.287002 0.023867
vt 0.390782 0.029757
vt 0.285739 0.016204
vt 0.391647 0.023308
vt 0.394769 0.000000
vt 0.392660 0.015743
vt 0.197906 0.072362
vt 0.205381 0.086561
vt 0.192537 0.062111
vt 0.189236 0.055754
vt 0.185544 0.048723
vt 0.283119 0.000136
vt 0.120843 0.130320
vt 0.132265 0.141096
vt 0.112330 0.122323
vt 0.101445 0.112145
vt 0.107255 0.117596
vt 0.089258 0.100742
vt 0.081685 0.217209
vt 0.067542 0.210679
vt 0.057236 0.205987
vt 0.051049 0.203227
vt 0.029235 0.193291
vt 0.044007 0.200012
vt 0.653133 0.290934
vt 0.638730 0.387904
vt 0.637789 0.293478
vt 0.664297 0.289144
vt 0.653996 0.389960
vt 0.670986 0.288120
vt 0.664996 0.391438
vt 0.678616 0.286883
vt 0.671416 0.392299
vt 0.694608 0.395407
vt 0.678944 0.393308
vt 0.622987 0.199219
vt 0.608945 0.206540
vt 0.633250 0.193906
vt 0.639611 0.190645
vt 0.646648 0.187000
vt 0.694608 0.284316
vt 0.565597 0.121742
vt 0.554608 0.133279
vt 0.573645 0.113251
vt 0.583902 0.102396
vt 0.578408 0.108190
vt 0.595483 0.090202
vt 0.478483 0.082145
vt 0.485081 0.067959
vt 0.489821 0.057618
vt 0.492609 0.051408
vt 0.502651 0.029507
vt 0.495858 0.044341
vt 0.404734 0.654274
vt 0.402137 0.638872
vt 0.406560 0.665482
vt 0.407606 0.672199
vt 0.408869 0.679862
vt 0.496702 0.623704
vt 0.489227 0.609505
vt 0.502071 0.633955
vt 0.505372 0.640311
vt 0.509064 0.647343
vt 0.411489 0.695930
vt 0.573765 0.565746
vt 0.562343 0.554969
vt 0.582278 0.573742
vt 0.593162 0.583920
vt 0.587353 0.578470
vt 0.605349 0.595324
vt 0.612922 0.478857
vt 0.627065 0.485387
vt 0.637372 0.490079
vt 0.643559 0.492838
vt 0.665373 0.502774
vt 0.650601 0.496054
vt 0.212655 0.373578
vt 0.229348 0.331894
vt 0.230721 0.370265
vt 0.189406 0.377902
vt 0.211332 0.329432
vt 0.158204 0.383731
vt 0.188091 0.326255
vt 0.115793 0.391675
vt 0.157065 0.321998
vt 0.114709 0.316192
vt 0.226744 0.413465
vt 0.243155 0.404576
vt 0.206089 0.424510
vt 0.177350 0.440042
vt 0.139330 0.460572
vt 0.252235 0.446322
vt 0.264759 0.433171
vt 0.235368 0.463749
vt 0.182920 0.518215
vt 0.213723 0.486272
vt 0.294543 0.454362
vt 0.286528 0.470831
vt 0.786219 0.740224
vt 0.743426 0.710901
vt 0.778985 0.701563
vt 0.262123 0.520493
vt 0.242893 0.559466
vt 0.331165 0.466004
vt 0.328702 0.484044
vt 0.276081 0.492147
vt 0.325517 0.507352
vt 0.321251 0.538458
vt 0.315430 0.580917
vt 0.321726 0.213384
vt 0.363442 0.230062
vt 0.325059 0.231458
vt 0.317352 0.190013
vt 0.365906 0.212022
vt 0.311485 0.158750
vt 0.369090 0.188713
vt 0.303488 0.116288
vt 0.373357 0.157608
vt 0.379177 0.115149
vt 0.281979 0.227671
vt 0.290793 0.243955
vt 0.270518 0.206530
vt 0.255017 0.177963
vt 0.234468 0.140067
vt 0.248872 0.252830
vt 0.262103 0.265449
vt 0.231816 0.236460
vt 0.177039 0.183915
vt 0.209118 0.214686
vt 0.240967 0.295280
vt 0.224505 0.287283
vt 0.203294 0.276907
vt 0.174991 0.262998
vt 0.136055 0.243838
vt 0.481953 0.322488
vt 0.465259 0.364171
vt 0.463887 0.325800
vt 0.505201 0.318164
vt 0.483276 0.366633
vt 0.536404 0.312335
vt 0.506517 0.369811
vt 0.578814 0.304390
vt 0.537542 0.374067
vt 0.579899 0.379874
vt 0.467864 0.282601
vt 0.451452 0.291489
vt 0.488519 0.271555
vt 0.517258 0.256024
vt 0.555278 0.235494
vt 0.442373 0.249743
vt 0.429849 0.262894
vt 0.459240 0.232317
vt 0.511688 0.177851
vt 0.480885 0.209794
vt 0.400065 0.241704
vt 0.408079 0.225234
vt 0.418527 0.203918
vt 0.432484 0.175572
vt 0.451715 0.136600
vt 0.372881 0.482682
vt 0.369549 0.464608
vt 0.377255 0.506052
vt 0.383122 0.537316
vt 0.391120 0.579778
vt 0.412629 0.468395
vt 0.403815 0.452110
vt 0.424090 0.489536
vt 0.439591 0.518103
vt 0.460140 0.555998
vt 0.445735 0.443236
vt 0.432504 0.430616
vt 0.462792 0.459606
vt 0.517569 0.512151
vt 0.485489 0.481379
vt 0.453640 0.400785
vt 0.470103 0.408783
vt 0.491314 0.419159
vt 0.519617 0.433068
vt 0.558553 0.452228
vt 0.278265 0.360713
vt 0.274482 0.338071
vt 0.278249 0.338587
vt 0.274483 0.361446
vt 0.266704 0.337006
vt 0.266872 0.362978
vt 0.256272 0.335577
vt 0.256677 0.365027
vt 0.244081 0.333909
vt 0.244802 0.367415
vt 0.285328 0.381605
vt 0.281905 0.383432
vt 0.275057 0.387144
vt 0.265958 0.392063
vt 0.255464 0.397732
vt 0.295611 0.401500
vt 0.298296 0.398688
vt 0.282979 0.414524
vt 0.290229 0.407102
vt 0.274496 0.423133
vt 0.314821 0.414571
vt 0.316545 0.411123
vt 0.311294 0.421492
vt 0.306567 0.430767
vt 0.301062 0.441573
vt 0.337343 0.420850
vt 0.337858 0.417082
vt 0.336278 0.428629
vt 0.334849 0.439063
vt 0.333180 0.451259
vt 0.334621 0.279001
vt 0.357265 0.275216
vt 0.356749 0.278984
vt 0.333888 0.275218
vt 0.358330 0.267437
vt 0.332356 0.267607
vt 0.359759 0.257003
vt 0.330305 0.257414
vt 0.361427 0.244806
vt 0.327915 0.245541
vt 0.313730 0.286065
vt 0.311898 0.282637
vt 0.308188 0.275794
vt 0.303274 0.266703
vt 0.297615 0.256223
vt 0.293833 0.296347
vt 0.296641 0.299026
vt 0.280799 0.283707
vt 0.288227 0.290962
vt 0.272173 0.275212
vt 0.280760 0.315551
vt 0.284207 0.317276
vt 0.273838 0.312024
vt 0.264562 0.307298
vt 0.253754 0.301795
vt 0.416342 0.335352
vt 0.420126 0.357995
vt 0.416359 0.357479
vt 0.420125 0.334620
vt 0.427904 0.359060
vt 0.427736 0.333088
vt 0.438335 0.360488
vt 0.437931 0.331038
vt 0.450527 0.362157
vt 0.449806 0.328651
vt 0.409280 0.314460
vt 0.412703 0.312634
vt 0.419551 0.308922
vt 0.428649 0.304002
vt 0.439144 0.298333
vt 0.398997 0.294566
vt 0.396312 0.297378
vt 0.411629 0.281542
vt 0.404379 0.288963
vt 0.420112 0.272932
vt 0.379787 0.281495
vt 0.378062 0.284943
vt 0.383314 0.274574
vt 0.388041 0.265299
vt 0.393546 0.254492
vt 0.359987 0.417065
vt 0.360719 0.420847
vt 0.362252 0.428458
vt 0.364303 0.438651
vt 0.366693 0.450525
vt 0.380878 0.410001
vt 0.382710 0.413429
vt 0.386420 0.420272
vt 0.391334 0.429363
vt 0.396993 0.439842
vt 0.400774 0.399718
vt 0.397967 0.397040
vt 0.413809 0.412359
vt 0.406380 0.405104
vt 0.422435 0.420854
vt 0.413848 0.380514
vt 0.410400 0.378790
vt 0.420769 0.384041
vt 0.430046 0.388767
vt 0.440854 0.394271
vt 0.801474 0.347996
vt 0.803128 0.359708
vt 0.801293 0.347548
vt 0.803190 0.360025
vt 0.804869 0.371244
vt 0.805068 0.371563
vt 0.808679 0.396493
vt 0.810196 0.397169
vt 0.817263 0.453335
vt 0.829531 0.553015
vt 0.819923 0.452855
vt 0.800606 0.349188
vt 0.802455 0.361180
vt 0.803838 0.373360
vt 0.807987 0.400601
vt 0.824988 0.542760
vt 0.816486 0.454160
vt 0.799501 0.350704
vt 0.801211 0.363003
vt 0.801608 0.377145
vt 0.804151 0.406014
vt 0.819686 0.535645
vt 0.810874 0.456688
vt 0.799939 0.351982
vt 0.801760 0.365567
vt 0.802513 0.381670
vt 0.804621 0.410844
vt 0.820229 0.529840
vt 0.810527 0.458631
vt 0.802021 0.352370
vt 0.804183 0.366694
vt 0.806749 0.383683
vt 0.811069 0.412255
vt 0.829505 0.527391
vt 0.818126 0.458501
vt 0.806166 0.364901
vt 0.803896 0.351384
vt 0.810198 0.380508
vt 0.816794 0.408990
vt 0.825256 0.456246
vt 0.805933 0.362290
vt 0.803937 0.350034
vt 0.809727 0.375918
vt 0.815815 0.404244
vt 0.824335 0.454547
vt 0.837065 0.525036
vt 0.804206 0.360915
vt 0.802433 0.348912
vt 0.806478 0.372960
vt 0.810553 0.400211
vt 0.818237 0.453879
vt 0.839163 0.531991
vt 0.803163 0.360029
vt 0.801253 0.348030
vt 0.804773 0.371607
vt 0.807429 0.397586
vt 0.814585 0.453705
vt 0.837926 0.542057
vt 0.836352 0.553201
vt 0.816426 0.046581
vt 0.780349 0.208778
vt 0.748839 0.000000
vt 0.796629 0.214969
vt 0.789871 0.271863
vt 0.793613 0.273070
vt 0.795018 0.305971
vt 0.796244 0.306422
vt 0.798531 0.329245
vt 0.798995 0.329681
vt 0.839163 0.108658
vt 0.796752 0.227601
vt 0.792215 0.275842
vt 0.794865 0.307758
vt 0.797841 0.330918
vt 0.832715 0.168668
vt 0.789699 0.237636
vt 0.788926 0.278593
vt 0.792841 0.309156
vt 0.796482 0.332363
vt 0.812732 0.216829
vt 0.786725 0.244841
vt 0.788356 0.280632
vt 0.792767 0.310149
vt 0.796722 0.333496
vt 0.784896 0.238905
vt 0.786452 0.249209
vt 0.791295 0.281299
vt 0.795656 0.310196
vt 0.799201 0.333687
vt 0.784901 0.245116
vt 0.751786 0.226027
vt 0.793905 0.279795
vt 0.798402 0.309298
vt 0.801513 0.332772
vt 0.779933 0.239110
vt 0.718479 0.185909
vt 0.792759 0.278014
vt 0.798039 0.308372
vt 0.801409 0.331620
vt 0.770232 0.231603
vt 0.694607 0.130475
vt 0.788805 0.276357
vt 0.795692 0.307634
vt 0.799683 0.330640
vt 0.766622 0.219498
vt 0.698011 0.064453
vt 0.786650 0.274121
vt 0.793980 0.306764
vt 0.798216 0.329799
vt 0.109370 0.833676
vt 0.109543 0.833412
vt 0.109376 0.833678
vt 0.109325 0.833332
vt 0.111350 0.830477
vt 0.108414 0.819494
vt 0.108898 0.830178
vt 0.108984 0.795409
vt 0.117049 0.821173
vt 0.105879 0.696066
vt 0.130140 0.799740
vt 0.109359 0.833674
vt 0.109112 0.833343
vt 0.102898 0.822320
vt 0.107496 0.830996
vt 0.093870 0.801717
vt 0.048073 0.720988
vt 0.109336 0.833679
vt 0.106839 0.832180
vt 0.108909 0.833502
vt 0.100628 0.827011
vt 0.084908 0.814163
vt 0.011531 0.770456
vt 0.109309 0.833708
vt 0.106906 0.833787
vt 0.108857 0.833818
vt 0.100731 0.833113
vt 0.082783 0.832607
vt 0.000000 0.840221
vt 0.109324 0.833757
vt 0.108268 0.835467
vt 0.109110 0.834100
vt 0.105539 0.839929
vt 0.096996 0.853958
vt 0.048545 0.934013
vt 0.109474 0.834203
vt 0.109375 0.833750
vt 0.110377 0.835930
vt 0.113784 0.841127
vt 0.122455 0.856854
vt 0.109736 0.834018
vt 0.109390 0.833714
vt 0.111846 0.835268
vt 0.119279 0.838450
vt 0.137905 0.846567
vt 0.154172 0.934013
vt 0.109791 0.833768
vt 0.109386 0.833692
vt 0.112613 0.834151
vt 0.122436 0.834294
vt 0.144911 0.832914
vt 0.210856 0.891460
vt 0.109710 0.833572
vt 0.109381 0.833683
vt 0.112716 0.832532
vt 0.122454 0.828098
vt 0.143637 0.816579
vt 0.237814 0.836075
vt 0.233147 0.773284
vt 0.109371 0.833682
vt 0.109371 0.833686
vt 0.109367 0.833685
vt 0.109373 0.833681
vt 0.109373 0.833683
vt 0.109373 0.833681
vt 0.109374 0.833682
vt 0.109374 0.833681
vt 0.109374 0.833681
vt 0.109372 0.833679
vt 0.109366 0.833682
vt 0.109361 0.833687
vt 0.109368 0.833680
vt 0.109368 0.833679
vt 0.109366 0.833678
vt 0.109356 0.833687
vt 0.109355 0.833694
vt 0.109357 0.833684
vt 0.109355 0.833682
vt 0.109349 0.833681
vt 0.109347 0.833699
vt 0.109354 0.833703
vt 0.109345 0.833697
vt 0.109340 0.833698
vt 0.109329 0.833701
vt 0.109352 0.833714
vt 0.109356 0.833708
vt 0.109350 0.833717
vt 0.109346 0.833723
vt 0.109338 0.833735
vt 0.109361 0.833709
vt 0.109367 0.833712
vt 0.109372 0.833718
vt 0.109370 0.833714
vt 0.109373 0.833729
vt 0.109369 0.833703
vt 0.109376 0.833700
vt 0.109380 0.833698
vt 0.109378 0.833698
vt 0.109384 0.833703
vt 0.109373 0.833695
vt 0.109376 0.833689
vt 0.109378 0.833686
vt 0.109377 0.833686
vt 0.109381 0.833687
vt 0.109373 0.833689
vt 0.109375 0.833684
vt 0.109375 0.833683
vt 0.109376 0.833682
vt 0.109375 0.833682
vt 0.857506 0.729458
vt 0.867741 0.727263
vt 0.865563 0.733557
vt 0.851574 0.724762
vt 0.858326 0.725786
vt 0.851162 0.726091
vt 0.849930 0.724461
vt 0.849051 0.724945
vt 0.849637 0.725277
vt 0.847304 0.724003
vt 0.849249 0.724343
vt 0.855679 0.732491
vt 0.861708 0.738588
vt 0.850358 0.727196
vt 0.848684 0.725437
vt 0.849133 0.725926
vt 0.856715 0.742331
vt 0.852728 0.734358
vt 0.848476 0.726377
vt 0.849271 0.728042
vt 0.848189 0.725794
vt 0.850702 0.744344
vt 0.847933 0.728375
vt 0.849281 0.735293
vt 0.847709 0.726632
vt 0.847597 0.725972
vt 0.844043 0.744440
vt 0.846544 0.728277
vt 0.845520 0.735027
vt 0.846844 0.726636
vt 0.846962 0.725955
vt 0.852757 0.713797
vt 0.850564 0.703566
vt 0.856857 0.705743
vt 0.848063 0.719729
vt 0.849088 0.712978
vt 0.849388 0.720139
vt 0.847763 0.721370
vt 0.848249 0.722248
vt 0.848577 0.721662
vt 0.847645 0.722050
vt 0.855790 0.715623
vt 0.861887 0.709596
vt 0.850489 0.720939
vt 0.848744 0.722615
vt 0.849221 0.722159
vt 0.865631 0.714589
vt 0.857657 0.718574
vt 0.849666 0.722820
vt 0.851336 0.722027
vt 0.849085 0.723122
vt 0.867645 0.720603
vt 0.851672 0.723369
vt 0.858592 0.722022
vt 0.849926 0.723594
vt 0.849265 0.723710
vt 0.837101 0.718547
vt 0.826866 0.720742
vt 0.829045 0.714449
vt 0.843033 0.723244
vt 0.836281 0.722219
vt 0.843445 0.721915
vt 0.844677 0.723544
vt 0.845556 0.723061
vt 0.844971 0.722729
vt 0.845358 0.723662
vt 0.838928 0.715515
vt 0.832899 0.709418
vt 0.844249 0.720810
vt 0.845924 0.722569
vt 0.845474 0.722080
vt 0.837893 0.705674
vt 0.841879 0.713647
vt 0.846132 0.721628
vt 0.845336 0.719964
vt 0.846419 0.722211
vt 0.843905 0.703661
vt 0.846674 0.719630
vt 0.845326 0.712712
vt 0.846898 0.721374
vt 0.847010 0.722034
vt 0.841850 0.734208
vt 0.837751 0.742263
vt 0.845219 0.727867
vt 0.846359 0.725758
vt 0.846031 0.726343
vt 0.838818 0.732382
vt 0.832721 0.738410
vt 0.844118 0.727067
vt 0.845863 0.725391
vt 0.845386 0.725847
vt 0.828976 0.733416
vt 0.836950 0.729432
vt 0.844941 0.725186
vt 0.843271 0.725979
vt 0.845523 0.724884
vt 0.826963 0.727403
vt 0.842935 0.724637
vt 0.836015 0.725983
vt 0.844681 0.724411
vt 0.845343 0.724296
vt 0.971745 0.789246
vt 1.000000 0.748327
vt 0.984453 0.795941
vt 0.941142 0.773120
vt 0.985703 0.746051
vt 0.912168 0.757965
vt 0.951671 0.740636
vt 0.884642 0.743572
vt 0.919466 0.735512
vt 0.888891 0.730647
vt 0.946197 0.824197
vt 0.956234 0.834421
vt 0.921905 0.799484
vt 0.898867 0.776183
vt 0.876962 0.754035
vt 0.911743 0.849297
vt 0.918233 0.861936
vt 0.895846 0.818395
vt 0.866603 0.761552
vt 0.880858 0.789250
vt 0.873021 0.876700
vt 0.870623 0.862567
vt 0.864809 0.828470
vt 0.859403 0.796220
vt 0.854256 0.765592
vt 0.822981 0.876701
vt 0.825257 0.862404
vt 0.830671 0.828372
vt 0.835796 0.796168
vt 0.840660 0.765589
vt 0.912546 0.599559
vt 0.871626 0.571305
vt 0.919240 0.586851
vt 0.896420 0.630162
vt 0.869351 0.585602
vt 0.881267 0.659136
vt 0.863936 0.619633
vt 0.866872 0.686665
vt 0.858812 0.651838
vt 0.853947 0.682417
vt 0.947496 0.625107
vt 0.957720 0.615070
vt 0.922783 0.649399
vt 0.899487 0.672435
vt 0.877334 0.694345
vt 0.972596 0.659561
vt 0.985236 0.653071
vt 0.941694 0.675456
vt 0.884855 0.704701
vt 0.912546 0.690462
vt 1.000000 0.698285
vt 0.985867 0.700683
vt 0.951769 0.706498
vt 0.919518 0.711909
vt 0.888894 0.717050
vt 0.722862 0.658760
vt 0.694607 0.699679
vt 0.710154 0.652065
vt 0.753466 0.674885
vt 0.708904 0.701955
vt 0.782439 0.690040
vt 0.742936 0.707370
vt 0.809965 0.704434
vt 0.775141 0.712494
vt 0.805716 0.717359
vt 0.748410 0.623809
vt 0.738373 0.613585
vt 0.772702 0.648522
vt 0.795741 0.671823
vt 0.817645 0.693970
vt 0.782865 0.598709
vt 0.776374 0.586070
vt 0.798761 0.629610
vt 0.828004 0.686454
vt 0.813750 0.658755
vt 0.821586 0.571306
vt 0.823984 0.585438
vt 0.829798 0.619536
vt 0.835205 0.651785
vt 0.840352 0.682414
vt 0.782062 0.848446
vt 0.775367 0.861155
vt 0.798187 0.817843
vt 0.813340 0.788870
vt 0.827736 0.761341
vt 0.747111 0.822899
vt 0.736887 0.832936
vt 0.771824 0.798606
vt 0.795120 0.775571
vt 0.817273 0.753660
vt 0.722011 0.788445
vt 0.709372 0.794935
vt 0.752914 0.772549
vt 0.809752 0.743305
vt 0.782061 0.757544
vt 0.694607 0.749720
vt 0.708740 0.747322
vt 0.742838 0.741508
vt 0.775089 0.736097
vt 0.805713 0.730955
vt 0.408084 0.377733
vt 0.416336 0.357476
vt 0.410378 0.378780
vt 0.403661 0.375631
vt 0.414082 0.357167
vt 0.393821 0.370924
vt 0.409323 0.356516
vt 0.375880 0.362169
vt 0.398568 0.355045
vt 0.347304 0.348033
vt 0.378832 0.352346
vt 0.396274 0.395420
vt 0.392683 0.391941
vt 0.384727 0.384227
vt 0.370275 0.370257
vt 0.377407 0.403542
vt 0.379805 0.407977
vt 0.372120 0.393798
vt 0.362541 0.376125
vt 0.359983 0.417041
vt 0.359592 0.414551
vt 0.358755 0.409727
vt 0.356863 0.398984
vt 0.353246 0.379351
vt 0.337862 0.417060
vt 0.338170 0.414805
vt 0.338821 0.410045
vt 0.340292 0.399290
vt 0.342991 0.379556
vt 0.377006 0.287259
vt 0.356746 0.279006
vt 0.378053 0.284965
vt 0.374903 0.291682
vt 0.356438 0.281261
vt 0.370196 0.301523
vt 0.355787 0.286020
vt 0.361441 0.319462
vt 0.354315 0.296776
vt 0.351617 0.316510
vt 0.394692 0.299070
vt 0.391215 0.302659
vt 0.383503 0.310621
vt 0.369528 0.325068
vt 0.402819 0.317933
vt 0.407256 0.315534
vt 0.393079 0.323225
vt 0.375401 0.332797
vt 0.416319 0.335356
vt 0.413829 0.335747
vt 0.409005 0.336584
vt 0.398263 0.338476
vt 0.378628 0.342092
vt 0.286524 0.318332
vt 0.278271 0.338590
vt 0.284229 0.317286
vt 0.290946 0.320435
vt 0.280526 0.338898
vt 0.300786 0.325142
vt 0.285285 0.339549
vt 0.318728 0.333896
vt 0.296040 0.341021
vt 0.315776 0.343720
vt 0.298333 0.300646
vt 0.301925 0.304125
vt 0.309881 0.311839
vt 0.324333 0.325809
vt 0.317200 0.292524
vt 0.314803 0.288089
vt 0.322488 0.302268
vt 0.332067 0.319941
vt 0.334624 0.279025
vt 0.335015 0.281514
vt 0.335853 0.286338
vt 0.337744 0.297081
vt 0.341361 0.316715
vt 0.317602 0.408807
vt 0.316555 0.411101
vt 0.319705 0.404384
vt 0.324411 0.394542
vt 0.333167 0.376603
vt 0.299916 0.396996
vt 0.303393 0.393406
vt 0.311104 0.385444
vt 0.325079 0.370998
vt 0.291789 0.378133
vt 0.287352 0.380531
vt 0.301529 0.372840
vt 0.319207 0.363269
vt 0.278289 0.360710
vt 0.280779 0.360319
vt 0.285602 0.359481
vt 0.296345 0.357590
vt 0.315980 0.353974
vt 0.033133 0.516676
vt 0.177757 0.033836
vt 0.661474 0.179390
vt 0.516850 0.662230
vt 0.750232 0.747278
vt 0.835064 0.571305
vt 0.180406 0.716785
s 1
f 2/1/2 4/2/4 1/3/1
f 5/4/5 3/5/3 2/1/2
f 7/6/7 6/7/6 5/4/5
f 9/8/9 8/9/8 7/6/7
f 9/8/9 12/10/12 10/11/10
f 14/12/14 1/3/1 13/13/13
f 15/14/15 2/1/2 14/12/14
f 16/15/16 5/4/5 15/14/15
f 17/16/17 7/6/7 16/15/16
f 17/16/17 11/17/11 9/8/9
f 20/18/20 13/13/13 19/19/19
f 21/20/21 14/12/14 20/18/20
f 21/20/21 16/15/16 15/14/15
f 23/21/23 16/15/16 22/22/22
f 24/23/24 17/16/17 23/21/23
f 25/24/25 20/18/20 19/19/19
f 26/25/26 21/20/21 20/18/20
f 27/26/27 22/22/22 21/20/21
f 28/27/28 23/21/23 22/22/22
f 30/28/30 23/21/23 29/29/29
f 31/30/31 26/25/26 25/24/25
f 32/31/32 27/26/27 26/25/26
f 33/32/33 28/27/28 27/26/27
f 34/33/34 29/29/29 28/27/28
f 36/34/36 29/29/29 35/35/35
f 38/36/38 40/37/40 37/38/37
f 41/39/41 39/40/39 38/36/38
f 43/41/43 42/42/42 41/39/41
f 45/43/45 44/44/44 43/41/43
f 45/43/45 48/45/48 46/46/46
f 50/47/50 37/38/37 49/48/49
f 51/49/51 38/36/38 50/47/50
f 52/50/52 41/39/41 51/49/51
f 53/51/53 43/41/43 52/50/52
f 53/51/53 47/52/47 45/43/45
f 56/53/56 49/48/49 55/54/55
f 57/55/57 50/47/50 56/53/56
f 57/55/57 52/50/52 51/49/51
f 59/56/59 52/50/52 58/57/58
f 60/58/60 53/51/53 59/56/59
f 61/59/61 56/53/56 55/54/55
f 62/60/62 57/55/57 56/53/56
f 63/61/63 58/57/58 57/55/57
f 64/62/64 59/56/59 58/57/58
f 66/63/66 59/56/59 65/64/65
f 4/2/4 62/60/62 61/59/61
f 3/5/3 63/61/63 62/60/62
f 6/7/6 64/62/64 63/61/63
f 8/9/8 65/64/65 64/62/64
f 12/10/12 65/64/65 10/11/10
f 68/65/68 70/66/70 67/67/67
f 71/68/71 69/69/69 68/65/68
f 73/70/73 72/71/72 71/68/71
f 75/72/75 74/73/74 73/70/73
f 75/72/75 78/74/78 76/75/76
f 80/76/80 67/67/67 79/77/79
f 81/78/81 68/65/68 80/76/80
f 82/79/82 71/68/71 81/78/81
f 83/80/83 73/70/73 82/79/82
f 83/80/83 77/81/77 75/72/75
f 86/82/86 79/77/79 85/83/85
f 87/84/87 80/76/80 86/82/86
f 87/84/87 82/79/82 81/78/81
f 89/85/89 82/79/82 88/86/88
f 90/87/90 83/80/83 89/85/89
f 91/88/91 86/82/86 85/83/85
f 92/89/92 87/84/87 86/82/86
f 93/90/93 88/86/88 87/84/87
f 94/91/94 89/85/89 88/86/88
f 96/92/96 89/85/89 95/93/95
f 40/37/40 92/89/92 91/88/91
f 39/40/39 93/90/93 92/89/92
f 42/42/42 94/91/94 93/90/93
f 44/44/44 95/93/95 94/91/94
f 48/45/48 95/93/95 46/46/46
f 98/94/98 31/30/31 97/95/97
f 99/96/99 32/31/32 98/94/98
f 100/97/100 33/32/33 99/96/99
f 101/98/101 34/33/34 100/97/100
f 101/98/101 36/34/36 35/35/35
f 104/99/104 97/95/97 103/100/103
f 105/101/105 98/94/98 104/99/104
f 106/102/106 99/96/99 105/101/105
f 107/103/107 100/97/100 106/102/106
f 107/103/107 102/104/102 101/98/101
f 110/105/110 103/100/103 109/106/109
f 111/107/111 104/99/104 110/105/110
f 111/107/111 106/102/106 105/101/105
f 113/108/113 106/102/106 112/109/112
f 114/110/114 107/103/107 113/108/113
f 115/111/115 110/105/110 109/106/109
f 116/112/116 111/107/111 110/105/110
f 117/113/117 112/109/112 111/107/111
f 118/114/118 113/108/113 112/109/112
f 120/115/120 113/108/113 119/116/119
f 70/66/70 116/112/116 115/111/115
f 69/69/69 117/113/117 116/112/116
f 72/71/72 118/114/118 117/113/117
f 74/73/74 119/116/119 118/114/118
f 78/74/78 119/116/119 76/75/76
f 122/117/122 124/118/124 121/119/121
f 125/120/125 123/121/123 122/117/122
f 127/122/127 126/123/126 125/120/125
f 129/124/129 128/125/128 127/122/127
f 1/3/1 130/126/130 129/124/129
f 132/127/132 121/119/121 131/128/131
f 133/129/133 122/117/122 132/127/132
f 134/130/134 125/120/125 133/129/133
f 135/131/135 127/122/127 134/130/134
f 13/13/13 129/124/129 135/131/135
f 137/132/137 131/128/131 136/133/136
f 137/132/137 133/129/133 132/127/132
f 138/134/138 134/130/134 133/129/133
f 140/135/140 134/130/134 139/136/139
f 19/19/19 135/131/135 140/135/140
f 141/137/141 137/132/137 136/133/136
f 142/138/142 138/134/138 137/132/137
f 143/139/143 139/140/139 138/141/138
f 144/142/144 140/135/140 139/136/139
f 145/143/145 19/19/19 140/135/140
f 146/144/146 142/138/142 141/137/141
f 147/145/147 143/146/143 142/138/142
f 148/147/148 144/142/144 143/146/143
f 149/148/149 145/143/145 144/142/144
f 150/149/150 25/24/25 145/143/145
f 152/150/152 154/151/154 151/152/151
f 155/153/155 153/154/153 152/150/152
f 157/155/157 156/156/156 155/153/155
f 159/157/159 158/158/158 157/155/157
f 37/38/37 160/159/160 159/157/159
f 162/160/162 151/152/151 161/161/161
f 163/162/163 152/150/152 162/160/162
f 164/163/164 155/153/155 163/162/163
f 165/164/165 157/155/157 164/163/164
f 49/48/49 159/157/159 165/164/165
f 167/165/167 161/161/161 166/166/166
f 167/165/167 163/162/163 162/160/162
f 168/167/168 164/163/164 163/162/163
f 170/168/170 164/163/164 169/169/169
f 55/54/55 165/164/165 170/168/170
f 171/170/171 167/165/167 166/166/166
f 172/171/172 168/167/168 167/165/167
f 173/172/173 169/169/169 168/167/168
f 174/173/174 170/168/170 169/169/169
f 175/174/175 55/54/55 170/168/170
f 124/118/124 172/171/172 171/170/171
f 123/121/123 173/172/173 172/171/172
f 126/123/126 174/173/174 173/172/173
f 128/125/128 175/174/175 174/173/174
f 130/126/130 61/59/61 175/174/175
f 177/175/177 179/176/179 176/177/176
f 180/178/180 178/179/178 177/175/177
f 182/180/182 181/181/181 180/178/180
f 184/182/184 183/183/183 182/180/182
f 67/67/67 185/184/185 184/182/184
f 187/185/187 176/177/176 186/186/186
f 188/187/188 177/175/177 187/185/187
f 189/188/189 180/178/180 188/187/188
f 190/189/190 182/180/182 189/188/189
f 79/77/79 184/182/184 190/189/190
f 192/190/192 186/186/186 191/191/191
f 192/190/192 188/187/188 187/185/187
f 193/192/193 189/188/189 188/187/188
f 195/193/195 189/188/189 194/194/194
f 85/83/85 190/189/190 195/193/195
f 196/195/196 192/190/192 191/191/191
f 197/196/197 193/192/193 192/190/192
f 198/197/198 194/194/194 193/192/193
f 199/198/199 195/193/195 194/194/194
f 200/199/200 85/83/85 195/193/195
f 154/151/154 197/196/197 196/195/196
f 153/154/153 198/197/198 197/196/197
f 156/156/156 199/198/199 198/197/198
f 158/158/158 200/199/200 199/198/199
f 160/159/160 91/88/91 200/199/200
f 202/200/202 146/144/146 201/201/201
f 203/202/203 147/145/147 202/200/202
f 204/203/204 148/147/148 203/202/203
f 205/204/205 149/148/149 204/203/204
f 97/95/97 150/149/150 205/204/205
f 207/205/207 201/201/201 206/206/206
f 208/207/208 202/200/202 207/205/207
f 209/208/209 203/202/203 208/207/208
f 210/209/210 204/203/204 209/208/209
f 103/100/103 205/204/205 210/209/210
f 212/210/212 206/206/206 211/211/211
f 212/210/212 208/207/208 207/205/207
f 213/212/213 209/208/209 208/207/208
f 215/213/215 209/208/209 214/214/214
f 109/106/109 210/209/210 215/213/215
f 216/215/216 212/210/212 211/211/211
f 217/216/217 213/212/213 212/210/212
f 218/217/218 214/214/214 213/212/213
f 219/218/219 215/213/215 214/214/214
f 220/219/220 109/106/109 215/213/215
f 179/176/179 217/216/217 216/215/216
f 178/179/178 218/217/218 217/216/217
f 181/181/181 219/218/219 218/217/218
f 183/183/183 220/219/220 219/218/219
f 185/184/185 115/111/115 220/219/220
f 221/220/221 223/221/223 224/222/224
f 222/223/222 226/224/226 223/221/223
f 225/225/225 228/226/228 226/224/226
f 227/227/227 230/228/230 228/226/228
f 229/229/229 124/118/124 230/228/230
f 231/230/231 222/223/222 221/220/221
f 232/231/232 225/225/225 222/223/222
f 233/232/233 227/227/227 225/225/225
f 234/233/234 229/229/229 227/227/227
f 235/234/235 121/119/121 229/229/229
f 237/235/237 231/230/231 236/236/236
f 237/235/237 233/232/233 232/231/232
f 239/237/239 233/232/233 238/238/238
f 240/239/240 234/233/234 239/237/239
f 240/239/240 131/128/131 235/234/235
f 242/240/242 236/236/236 241/241/241
f 243/242/243 237/235/237 242/240/242
f 244/243/244 238/238/238 243/242/243
f 245/244/245 239/237/239 244/243/244
f 141/137/141 240/239/240 245/244/245
f 247/245/247 241/241/241 246/246/246
f 248/247/248 242/240/242 247/245/247
f 249/248/249 243/242/243 248/247/248
f 250/249/250 244/243/244 249/248/249
f 146/144/146 245/244/245 250/249/250
f 251/250/251 253/251/253 254/252/254
f 252/253/252 256/254/256 253/251/253
f 255/255/255 258/256/258 256/254/256
f 257/257/257 260/258/260 258/256/258
f 259/259/259 154/151/154 260/258/260
f 261/260/261 252/253/252 251/250/251
f 262/261/262 255/255/255 252/253/252
f 263/262/263 257/257/257 255/255/255
f 264/263/264 259/259/259 257/257/257
f 265/264/265 151/152/151 259/259/259
f 267/265/267 261/260/261 266/266/266
f 267/265/267 263/262/263 262/261/262
f 269/267/269 263/262/263 268/268/268
f 270/269/270 264/263/264 269/267/269
f 270/269/270 161/161/161 265/264/265
f 272/270/272 266/266/266 271/271/271
f 273/272/273 267/265/267 272/270/272
f 274/273/274 268/268/268 273/272/273
f 275/274/275 269/267/269 274/273/274
f 171/170/171 270/269/270 275/274/275
f 223/221/223 271/271/271 224/222/224
f 226/224/226 272/270/272 223/221/223
f 228/226/228 273/272/273 226/224/226
f 230/228/230 274/273/274 228/226/228
f 124/118/124 275/274/275 230/228/230
f 276/275/276 278/276/278 279/277/279
f 277/278/277 281/279/281 278/276/278
f 280/280/280 283/281/283 281/279/281
f 282/282/282 285/283/285 283/281/283
f 284/284/284 179/176/179 285/283/285
f 286/285/286 277/278/277 276/275/276
f 287/286/287 280/280/280 277/278/277
f 288/287/288 282/282/282 280/280/280
f 289/288/289 284/284/284 282/282/282
f 290/289/290 176/177/176 284/284/284
f 292/290/292 286/285/286 291/291/291
f 292/290/292 288/287/288 287/286/287
f 294/292/294 288/287/288 293/293/293
f 295/294/295 289/288/289 294/292/294
f 295/294/295 186/186/186 290/289/290
f 297/295/297 291/291/291 296/296/296
f 298/297/298 292/290/292 297/295/297
f 299/298/299 293/293/293 298/297/298
f 300/299/300 294/292/294 299/298/299
f 196/195/196 295/294/295 300/299/300
f 253/251/253 296/296/296 254/252/254
f 256/254/256 297/295/297 253/251/253
f 258/256/258 298/297/298 256/254/256
f 260/258/260 299/298/299 258/256/258
f 154/151/154 300/299/300 260/258/260
f 301/300/301 247/245/247 246/246/246
f 302/301/302 248/247/248 247/245/247
f 303/302/303 249/248/249 248/247/248
f 304/303/304 250/249/250 249/248/249
f 305/304/305 146/144/146 250/249/250
f 306/305/306 302/301/302 301/300/301
f 307/306/307 303/302/303 302/301/302
f 308/307/308 304/303/304 303/302/303
f 309/308/309 305/304/305 304/303/304
f 310/309/310 201/201/201 305/304/305
f 312/310/312 306/305/306 311/311/311
f 312/310/312 308/307/308 307/306/307
f 314/312/314 308/307/308 313/313/313
f 315/314/315 309/308/309 314/312/314
f 315/314/315 206/206/206 310/309/310
f 317/315/317 311/311/311 316/316/316
f 318/317/318 312/310/312 317/315/317
f 319/318/319 313/313/313 318/317/318
f 320/319/320 314/312/314 319/318/319
f 216/215/216 315/314/315 320/319/320
f 278/276/278 316/316/316 279/277/279
f 281/279/281 317/315/317 278/276/278
f 283/281/283 318/317/318 281/279/281
f 285/283/285 319/318/319 283/281/283
f 179/176/179 320/319/320 285/283/285
f 321/320/321 323/321/323 324/322/324
f 322/323/322 326/324/326 323/321/323
f 325/325/325 328/326/328 326/324/326
f 327/327/327 330/328/330 328/326/328
f 331/329/331 330/328/330 329/330/329
f 333/331/333 322/323/322 321/320/321
f 334/332/334 325/325/325 322/323/322
f 335/333/335 327/327/327 325/325/325
f 336/334/336 329/330/329 327/327/327
f 338/335/338 329/330/329 337/336/337
f 339/337/339 334/332/334 333/331/333
f 340/338/340 335/333/335 334/332/334
f 341/339/341 336/334/336 335/333/335
f 342/340/342 337/336/337 336/334/336
f 344/341/344 337/336/337 343/342/343
f 345/343/345 340/338/340 339/337/339
f 346/344/346 341/339/341 340/338/340
f 347/345/347 342/340/342 341/339/341
f 348/346/348 343/342/343 342/340/342
f 350/347/350 343/342/343 349/348/349
f 351/349/351 346/344/346 345/343/345
f 352/350/352 347/345/347 346/344/346
f 353/351/353 348/346/348 347/345/347
f 354/352/354 349/348/349 348/346/348
f 356/353/356 349/348/349 355/354/355
f 358/355/358 351/349/351 357/356/357
f 359/357/359 352/350/352 358/355/358
f 360/358/360 353/351/353 359/357/359
f 361/359/361 354/352/354 360/358/360
f 361/359/361 356/353/356 355/354/355
f 364/360/364 357/356/357 363/361/363
f 365/362/365 358/355/358 364/360/364
f 366/363/366 359/357/359 365/362/365
f 367/364/367 360/358/360 366/363/366
f 367/364/367 362/365/362 361/359/361
f 370/366/370 363/361/363 369/367/369
f 371/368/371 364/360/364 370/366/370
f 372/369/372 365/362/365 371/368/371
f 373/370/373 366/363/366 372/369/372
f 373/370/373 368/371/368 367/364/367
f 376/372/376 369/367/369 375/373/375
f 377/374/377 370/366/370 376/372/376
f 378/375/378 371/368/371 377/374/377
f 379/376/379 372/369/372 378/375/378
f 379/376/379 374/377/374 373/370/373
f 323/321/323 375/373/375 324/322/324
f 326/324/326 376/372/376 323/321/323
f 328/326/328 377/374/377 326/324/326
f 330/328/330 378/375/378 328/326/328
f 330/328/330 380/378/380 379/376/379
f 381/379/381 383/380/383 384/381/384
f 382/382/382 386/383/386 383/380/383
f 385/384/385 388/385/388 386/383/386
f 387/386/387 390/387/390 388/385/388
f 389/388/389 324/322/324 390/387/390
f 391/389/391 382/382/382 381/379/381
f 392/390/392 385/384/385 382/382/382
f 393/391/393 387/386/387 385/384/385
f 394/392/394 389/388/389 387/386/387
f 395/393/395 321/320/321 389/388/389
f 396/394/396 392/390/392 391/389/391
f 397/395/397 393/391/393 392/390/392
f 398/396/398 394/392/394 393/391/393
f 399/397/399 395/393/395 394/392/394
f 400/398/400 333/331/333 395/393/395
f 401/399/401 397/395/397 396/394/396
f 402/400/402 398/396/398 397/395/397
f 403/401/403 399/397/399 398/396/398
f 404/402/404 400/398/400 399/397/399
f 405/403/405 339/337/339 400/398/400
f 154/404/154 402/400/402 401/399/401
f 406/405/406 403/401/403 402/400/402
f 407/406/407 404/402/404 403/401/403
f 408/407/408 405/403/405 404/402/404
f 409/408/409 345/343/345 405/403/405
f 411/409/411 154/404/154 410/410/410
f 412/411/412 406/405/406 411/409/411
f 413/412/413 407/406/407 412/411/412
f 414/413/414 408/407/408 413/412/413
f 357/356/357 409/408/409 414/413/414
f 416/414/416 410/410/410 415/415/415
f 417/416/417 411/409/411 416/414/416
f 418/417/418 412/411/412 417/416/417
f 419/418/419 413/412/413 418/417/418
f 363/361/363 414/413/414 419/418/419
f 421/419/421 415/415/415 420/420/420
f 422/421/422 416/414/416 421/419/421
f 423/422/423 417/416/417 422/421/422
f 424/423/424 418/417/418 423/422/423
f 369/367/369 419/418/419 424/423/424
f 426/424/426 420/420/420 425/425/425
f 427/426/427 421/419/421 426/424/426
f 428/427/428 422/421/422 427/426/427
f 429/428/429 423/422/423 428/427/428
f 375/373/375 424/423/424 429/428/429
f 383/380/383 425/425/425 384/381/384
f 386/383/386 426/424/426 383/380/383
f 388/385/388 427/426/427 386/383/386
f 390/387/390 428/427/428 388/385/388
f 324/322/324 429/428/429 390/387/390
f 430/429/430 432/430/432 433/431/433
f 431/432/431 435/433/435 432/430/432
f 436/434/436 435/433/435 434/435/434
f 438/436/438 437/437/437 436/434/436
f 440/438/440 439/439/439 438/436/438
f 442/440/442 431/432/431 430/429/430
f 443/441/443 434/435/434 431/432/431
f 445/442/445 434/435/434 444/443/444
f 446/444/446 436/434/436 445/442/445
f 447/445/447 438/436/438 446/444/446
f 448/446/448 443/441/443 442/440/442
f 450/447/450 443/441/443 449/448/449
f 451/449/451 444/443/444 450/447/450
f 452/450/452 445/442/445 451/449/451
f 453/451/453 446/444/446 452/450/452
f 454/452/454 449/448/449 448/446/448
f 456/453/456 449/448/449 455/454/455
f 457/455/457 450/447/450 456/453/456
f 458/456/458 451/449/451 457/455/457
f 459/457/459 452/450/452 458/456/458
f 460/458/460 455/454/455 454/452/454
f 462/459/462 455/454/455 461/460/461
f 463/461/463 456/453/456 462/459/462
f 464/462/464 457/455/457 463/461/463
f 465/463/465 458/456/458 464/462/464
f 467/464/467 460/458/460 466/465/466
f 467/464/467 462/459/462 461/460/461
f 468/466/468 463/461/463 462/459/462
f 469/467/469 464/462/464 463/461/463
f 470/468/470 465/463/465 464/462/464
f 473/469/473 466/465/466 472/470/472
f 473/469/473 468/466/468 467/464/467
f 474/471/474 469/467/469 468/466/468
f 475/472/475 470/468/470 469/467/469
f 476/473/476 471/474/471 470/468/470
f 479/475/479 472/470/472 478/476/478
f 479/475/479 474/471/474 473/469/473
f 480/477/480 475/472/475 474/471/474
f 481/478/481 476/473/476 475/472/475
f 482/479/482 477/480/477 476/473/476
f 485/481/485 478/476/478 484/482/484
f 486/483/486 479/475/479 485/481/485
f 486/483/486 481/478/481 480/477/480
f 487/484/487 482/479/482 481/478/481
f 488/485/488 483/486/483 482/479/482
f 432/430/432 484/482/484 433/431/433
f 435/433/435 485/481/485 432/430/432
f 435/433/435 487/484/487 486/483/486
f 437/437/437 488/485/488 487/484/487
f 439/439/439 489/487/489 488/485/488
f 491/488/491 493/489/493 490/490/490
f 494/491/494 492/492/492 491/488/491
f 496/493/496 495/494/495 494/491/494
f 496/493/496 499/495/499 497/496/497
f 498/497/498 433/431/433 499/495/499
f 501/498/501 490/490/490 500/499/500
f 502/500/502 491/488/491 501/498/501
f 503/501/503 494/491/494 502/500/502
f 503/501/503 498/497/498 496/493/496
f 504/502/504 430/429/430 498/497/498
f 506/503/506 500/499/500 505/504/505
f 507/505/507 501/498/501 506/503/506
f 507/505/507 503/501/503 502/500/502
f 508/506/508 504/502/504 503/501/503
f 509/507/509 442/440/442 504/502/504
f 511/508/511 505/504/505 510/509/510
f 512/510/512 506/503/506 511/508/511
f 512/510/512 508/506/508 507/505/507
f 513/511/513 509/507/509 508/506/508
f 514/512/514 448/446/448 509/507/509
f 516/513/516 510/509/510 515/514/515
f 517/515/517 511/508/511 516/513/516
f 517/515/517 513/511/513 512/510/512
f 518/516/518 514/512/514 513/511/513
f 519/517/519 454/452/454 514/512/514
f 520/518/520 516/513/516 515/514/515
f 521/519/521 517/515/517 516/513/516
f 523/520/523 517/515/517 522/521/522
f 524/522/524 518/516/518 523/520/523
f 466/465/466 519/517/519 524/522/524
f 525/523/525 521/519/521 520/518/520
f 526/524/526 522/521/522 521/519/521
f 528/525/528 522/521/522 527/526/527
f 529/527/529 523/520/523 528/525/528
f 472/470/472 524/522/524 529/527/529
f 530/528/530 526/524/526 525/523/525
f 531/529/531 527/526/527 526/524/526
f 533/530/533 527/526/527 532/531/532
f 534/532/534 528/525/528 533/530/533
f 478/476/478 529/527/529 534/532/534
f 535/533/535 531/529/531 530/528/530
f 536/534/536 532/531/532 531/529/531
f 537/535/537 533/530/533 532/531/532
f 539/536/539 533/530/533 538/537/538
f 484/482/484 534/532/534 539/536/539
f 493/489/493 536/534/536 535/533/535
f 492/492/492 537/535/537 536/534/536
f 495/494/495 538/537/538 537/535/537
f 499/495/499 538/537/538 497/496/497
f 433/431/433 539/536/539 499/495/499
f 541/538/541 543/539/543 540/540/540
f 541/538/541 545/541/545 542/542/542
f 544/543/544 547/544/547 545/541/545
f 548/545/548 547/544/547 546/546/546
f 548/545/548 550/547/550 549/548/549
f 552/549/552 540/540/540 551/550/551
f 552/549/552 544/543/544 541/538/541
f 553/551/553 546/546/546 544/543/544
f 555/552/555 546/546/546 554/553/554
f 555/552/555 550/547/550 548/545/548
f 556/554/556 552/549/552 551/550/551
f 557/555/557 553/551/553 552/549/552
f 559/556/559 553/551/553 558/557/558
f 559/556/559 555/552/555 554/553/554
f 560/558/560 550/547/550 555/552/555
f 561/559/561 557/555/557 556/554/556
f 563/560/563 557/555/557 562/561/562
f 564/562/564 558/557/558 563/560/563
f 564/562/564 560/558/560 559/556/559
f 565/563/565 550/547/550 560/558/560
f 566/564/566 562/561/562 561/559/561
f 568/565/568 562/561/562 567/566/567
f 569/567/569 563/560/563 568/565/568
f 569/567/569 565/563/565 564/562/564
f 570/568/570 550/547/550 565/563/565
f 572/569/572 574/570/574 571/571/571
f 572/569/572 576/572/576 573/573/573
f 575/574/575 578/575/578 576/572/576
f 579/576/579 578/575/578 577/577/577
f 579/576/579 550/547/550 580/578/580
f 582/579/582 571/571/571 581/580/581
f 582/579/582 575/574/575 572/569/572
f 583/581/583 577/577/577 575/574/575
f 585/582/585 577/577/577 584/583/584
f 585/582/585 550/547/550 579/576/579
f 586/584/586 582/579/582 581/580/581
f 587/585/587 583/581/583 582/579/582
f 589/586/589 583/581/583 588/587/588
f 589/586/589 585/582/585 584/583/584
f 590/588/590 550/547/550 585/582/585
f 591/589/591 587/585/587 586/584/586
f 593/590/593 587/585/587 592/591/592
f 594/592/594 588/587/588 593/590/593
f 594/592/594 590/588/590 589/586/589
f 595/593/595 550/547/550 590/588/590
f 543/539/543 592/591/592 591/589/591
f 545/541/545 592/591/592 542/542/542
f 547/544/547 593/590/593 545/541/545
f 547/544/547 595/593/595 594/592/594
f 549/548/549 550/547/550 595/593/595
f 597/594/597 599/595/599 596/596/596
f 597/594/597 601/597/601 598/598/598
f 600/599/600 603/600/603 601/597/601
f 604/601/604 603/600/603 602/602/602
f 604/601/604 550/547/550 605/603/605
f 607/604/607 596/596/596 606/605/606
f 607/604/607 600/599/600 597/594/597
f 608/606/608 602/602/602 600/599/600
f 610/607/610 602/602/602 609/608/609
f 610/607/610 550/547/550 604/601/604
f 611/609/611 607/604/607 606/605/606
f 612/610/612 608/606/608 607/604/607
f 614/611/614 608/606/608 613/612/613
f 614/611/614 610/607/610 609/608/609
f 615/613/615 550/547/550 610/607/610
f 616/614/616 612/610/612 611/609/611
f 618/615/618 612/610/612 617/616/617
f 619/617/619 613/612/613 618/615/618
f 619/617/619 615/613/615 614/611/614
f 620/618/620 550/547/550 615/613/615
f 574/570/574 617/616/617 616/614/616
f 576/572/576 617/616/617 573/573/573
f 578/575/578 618/615/618 576/572/576
f 578/575/578 620/618/620 619/617/619
f 580/578/580 550/547/550 620/618/620
f 622/619/622 566/564/566 621/620/621
f 622/619/622 568/565/568 567/566/567
f 623/621/623 569/567/569 568/565/568
f 625/622/625 569/567/569 624/623/624
f 625/622/625 550/547/550 570/568/570
f 627/624/627 621/620/621 626/625/626
f 627/624/627 623/621/623 622/619/622
f 628/626/628 624/623/624 623/621/623
f 630/627/630 624/623/624 629/628/629
f 630/627/630 550/547/550 625/622/625
f 631/629/631 627/624/627 626/625/626
f 632/630/632 628/626/628 627/624/627
f 634/631/634 628/626/628 633/632/633
f 634/631/634 630/627/630 629/628/629
f 635/633/635 550/547/550 630/627/630
f 636/634/636 632/630/632 631/629/631
f 638/635/638 632/630/632 637/636/637
f 639/637/639 633/632/633 638/635/638
f 639/637/639 635/633/635 634/631/634
f 640/638/640 550/547/550 635/633/635
f 599/595/599 637/636/637 636/634/636
f 601/597/601 637/636/637 598/598/598
f 603/600/603 638/635/638 601/597/601
f 603/600/603 640/638/640 639/637/639
f 605/603/605 550/547/550 640/638/640
f 642/639/642 644/640/644 641/641/641
f 645/642/645 643/643/643 642/639/642
f 647/644/647 646/645/646 645/642/645
f 649/646/649 648/647/648 647/644/647
f 540/540/540 650/648/650 649/646/649
f 652/649/652 641/641/641 651/650/651
f 653/651/653 642/639/642 652/649/652
f 654/652/654 645/642/645 653/651/653
f 655/653/655 647/644/647 654/652/654
f 551/550/551 649/646/649 655/653/655
f 657/654/657 651/650/651 656/655/656
f 658/656/658 652/649/652 657/654/657
f 658/656/658 654/652/654 653/651/653
f 660/657/660 654/652/654 659/658/659
f 660/657/660 551/550/551 655/653/655
f 661/659/661 657/654/657 656/655/656
f 662/660/662 658/656/658 657/654/657
f 663/661/663 659/658/659 658/656/658
f 664/662/664 660/657/660 659/658/659
f 665/663/665 556/554/556 660/657/660
f 666/664/666 662/660/662 661/659/661
f 667/665/667 663/661/663 662/660/662
f 668/666/668 664/662/664 663/661/663
f 669/667/669 665/663/665 664/662/664
f 670/668/670 561/559/561 665/663/665
f 672/669/672 674/670/674 671/671/671
f 675/672/675 673/673/673 672/669/672
f 677/674/677 676/675/676 675/672/675
f 679/676/679 678/677/678 677/674/677
f 571/571/571 680/678/680 679/676/679
f 682/679/682 671/671/671 681/680/681
f 683/681/683 672/669/672 682/679/682
f 684/682/684 675/672/675 683/681/683
f 685/683/685 677/674/677 684/682/684
f 581/580/581 679/676/679 685/683/685
f 687/684/687 681/680/681 686/685/686
f 688/686/688 682/679/682 687/684/687
f 688/686/688 684/682/684 683/681/683
f 690/687/690 684/682/684 689/688/689
f 690/687/690 581/580/581 685/683/685
f 691/689/691 687/684/687 686/685/686
f 692/690/692 688/686/688 687/684/687
f 693/691/693 689/688/689 688/686/688
f 694/692/694 690/687/690 689/688/689
f 695/693/695 586/584/586 690/687/690
f 644/640/644 692/690/692 691/689/691
f 643/643/643 693/691/693 692/690/692
f 646/645/646 694/692/694 693/691/693
f 648/647/648 695/693/695 694/692/694
f 650/648/650 591/589/591 695/693/695
f 697/694/697 699/695/699 696/696/696
f 700/697/700 698/698/698 697/694/697
f 702/699/702 701/700/701 700/697/700
f 704/701/704 703/702/703 702/699/702
f 596/596/596 705/703/705 704/701/704
f 707/704/707 696/696/696 706/705/706
f 708/706/708 697/694/697 707/704/707
f 709/707/709 700/697/700 708/706/708
f 710/708/710 702/699/702 709/707/709
f 606/605/606 704/701/704 710/708/710
f 712/709/712 706/705/706 711/710/711
f 713/711/713 707/704/707 712/709/712
f 713/711/713 709/707/709 708/706/708
f 715/712/715 709/707/709 714/713/714
f 715/712/715 606/605/606 710/708/710
f 716/714/716 712/709/712 711/710/711
f 717/715/717 713/711/713 712/709/712
f 718/716/718 714/713/714 713/711/713
f 719/717/719 715/712/715 714/713/714
f 720/718/720 611/609/611 715/712/715
f 674/670/674 717/715/717 716/714/716
f 673/673/673 718/716/718 717/715/717
f 676/675/676 719/717/719 718/716/718
f 678/677/678 720/718/720 719/717/719
f 680/678/680 616/614/616 720/718/720
f 722/719/722 666/664/666 721/720/721
f 723/721/723 667/665/667 722/719/722
f 724/722/724 668/666/668 723/721/723
f 725/723/725 669/667/669 724/722/724
f 621/620/621 670/668/670 725/723/725
f 727/724/727 721/720/721 726/725/726
f 728/726/728 722/719/722 727/724/727
f 729/727/729 723/721/723 728/726/728
f 730/728/730 724/722/724 729/727/729
f 626/625/626 725/723/725 730/728/730
f 732/729/732 726/725/726 731/730/731
f 733/731/733 727/724/727 732/729/732
f 733/731/733 729/727/729 728/726/728
f 735/732/735 729/727/729 734/733/734
f 735/732/735 626/625/626 730/728/730
f 736/734/736 732/729/732 731/730/731
f 737/735/737 733/731/733 732/729/732
f 738/736/738 734/733/734 733/731/733
f 739/737/739 735/732/735 734/733/734
f 740/738/740 631/629/631 735/732/735
f 699/695/699 737/735/737 736/734/736
f 698/698/698 738/736/738 737/735/737
f 701/700/701 739/737/739 738/736/738
f 703/702/703 740/738/740 739/737/739
f 705/703/705 636/634/636 740/738/740
f 742/739/742 279/740/279 741/741/741
f 744/742/744 743/743/743 742/739/742
f 746/744/746 745/745/745 744/742/744
f 748/746/748 747/747/747 746/744/746
f 748/746/748 750/748/750 749/749/749
f 751/750/751 741/741/741 311/311/311
f 752/751/752 742/739/742 751/750/751
f 753/752/753 744/742/744 752/751/752
f 754/753/754 746/744/746 753/752/753
f 754/753/754 750/748/750 748/746/748
f 306/305/306 751/750/751 311/311/311
f 756/754/756 751/750/751 755/755/755
f 757/756/757 752/751/752 756/754/756
f 758/757/758 753/752/753 757/756/757
f 758/757/758 750/748/750 754/753/754
f 759/758/759 755/755/755 306/305/306
f 760/759/760 756/754/756 755/755/755
f 761/760/761 757/756/757 756/754/756
f 762/761/762 758/757/758 757/756/757
f 763/762/763 750/748/750 758/757/758
f 246/763/246 760/759/760 759/758/759
f 764/764/764 761/760/761 760/759/760
f 765/765/765 762/761/762 761/760/761
f 766/766/766 763/762/763 762/761/762
f 767/767/767 750/748/750 763/762/763
f 769/768/769 254/769/254 768/770/768
f 771/771/771 770/772/770 769/768/769
f 773/773/773 772/774/772 771/771/771
f 775/775/775 774/776/774 773/773/773
f 775/775/775 750/748/750 776/777/776
f 777/778/777 768/770/768 291/291/291
f 778/779/778 769/768/769 777/778/777
f 779/780/779 771/771/771 778/779/778
f 780/781/780 773/773/773 779/780/779
f 780/781/780 750/748/750 775/775/775
f 286/285/286 777/778/777 291/291/291
f 782/782/782 777/778/777 781/783/781
f 783/784/783 778/779/778 782/782/782
f 784/785/784 779/780/779 783/784/783
f 784/785/784 750/748/750 780/781/780
f 785/786/785 781/783/781 286/285/286
f 786/787/786 782/782/782 781/783/781
f 787/788/787 783/784/783 782/782/782
f 788/789/788 784/785/784 783/784/783
f 789/790/789 750/748/750 784/785/784
f 279/740/279 786/787/786 785/786/785
f 743/743/743 787/788/787 786/787/786
f 745/745/745 788/789/788 787/788/787
f 747/747/747 789/790/789 788/789/788
f 749/749/749 750/748/750 789/790/789
f 791/791/791 224/792/224 790/793/790
f 793/794/793 792/795/792 791/791/791
f 795/796/795 794/797/794 793/794/793
f 797/798/797 796/799/796 795/796/795
f 797/798/797 750/748/750 798/800/798
f 799/801/799 790/793/790 266/266/266
f 800/802/800 791/791/791 799/801/799
f 801/803/801 793/794/793 800/802/800
f 802/804/802 795/796/795 801/803/801
f 802/804/802 750/748/750 797/798/797
f 261/260/261 799/801/799 266/266/266
f 804/805/804 799/801/799 803/806/803
f 805/807/805 800/802/800 804/805/804
f 806/808/806 801/803/801 805/807/805
f 806/808/806 750/748/750 802/804/802
f 807/809/807 803/806/803 261/260/261
f 808/810/808 804/805/804 803/806/803
f 809/811/809 805/807/805 804/805/804
f 810/812/810 806/808/806 805/807/805
f 811/813/811 750/748/750 806/808/806
f 254/769/254 808/810/808 807/809/807
f 770/772/770 809/811/809 808/810/808
f 772/774/772 810/812/810 809/811/809
f 774/776/774 811/813/811 810/812/810
f 776/777/776 750/748/750 811/813/811
f 813/814/813 246/763/246 812/815/812
f 814/816/814 764/764/764 813/814/813
f 815/817/815 765/765/765 814/816/814
f 816/818/816 766/766/766 815/817/815
f 816/818/816 750/748/750 767/767/767
f 817/819/817 812/815/812 236/236/236
f 818/820/818 813/814/813 817/819/817
f 819/821/819 814/816/814 818/820/818
f 820/822/820 815/817/815 819/821/819
f 820/822/820 750/748/750 816/818/816
f 231/230/231 817/819/817 236/236/236
f 822/823/822 817/819/817 821/824/821
f 823/825/823 818/820/818 822/823/822
f 824/826/824 819/821/819 823/825/823
f 824/826/824 750/748/750 820/822/820
f 825/827/825 821/824/821 231/230/231
f 826/828/826 822/823/822 821/824/821
f 827/829/827 823/825/823 822/823/822
f 828/830/828 824/826/824 823/825/823
f 829/831/829 750/748/750 824/826/824
f 224/792/224 826/828/826 825/827/825
f 792/795/792 827/829/827 826/828/826
f 794/797/794 828/830/828 827/829/827
f 796/799/796 829/831/829 828/830/828
f 798/800/798 750/748/750 829/831/829
f 2/1/2 3/5/3 4/2/4
f 5/4/5 6/7/6 3/5/3
f 7/6/7 8/9/8 6/7/6
f 9/8/9 10/11/10 8/9/8
f 9/8/9 11/17/11 12/10/12
f 14/12/14 2/1/2 1/3/1
f 15/14/15 5/4/5 2/1/2
f 16/15/16 7/6/7 5/4/5
f 17/16/17 9/8/9 7/6/7
f 17/16/17 18/832/18 11/17/11
f 20/18/20 14/12/14 13/13/13
f 21/20/21 15/14/15 14/12/14
f 21/20/21 22/22/22 16/15/16
f 23/21/23 17/16/17 16/15/16
f 24/23/24 18/832/18 17/16/17
f 25/24/25 26/25/26 20/18/20
f 26/25/26 27/26/27 21/20/21
f 27/26/27 28/27/28 22/22/22
f 28/27/28 29/29/29 23/21/23
f 30/28/30 24/23/24 23/21/23
f 31/30/31 32/31/32 26/25/26
f 32/31/32 33/32/33 27/26/27
f 33/32/33 34/33/34 28/27/28
f 34/33/34 35/35/35 29/29/29
f 36/34/36 30/28/30 29/29/29
f 38/36/38 39/40/39 40/37/40
f 41/39/41 42/42/42 39/40/39
f 43/41/43 44/44/44 42/42/42
f 45/43/45 46/46/46 44/44/44
f 45/43/45 47/52/47 48/45/48
f 50/47/50 38/36/38 37/38/37
f 51/49/51 41/39/41 38/36/38
f 52/50/52 43/41/43 41/39/41
f 53/51/53 45/43/45 43/41/43
f 53/51/53 54/833/54 47/52/47
f 56/53/56 50/47/50 49/48/49
f 57/55/57 51/49/51 50/47/50
f 57/55/57 58/57/58 52/50/52
f 59/56/59 53/51/53 52/50/52
f 60/58/60 54/833/54 53/51/53
f 61/59/61 62/60/62 56/53/56
f 62/60/62 63/61/63 57/55/57
f 63/61/63 64/62/64 58/57/58
f 64/62/64 65/64/65 59/56/59
f 66/63/66 60/58/60 59/56/59
f 4/2/4 3/5/3 62/60/62
f 3/5/3 6/7/6 63/61/63
f 6/7/6 8/9/8 64/62/64
f 8/9/8 10/11/10 65/64/65
f 12/10/12 66/63/66 65/64/65
f 68/65/68 69/69/69 70/66/70
f 71/68/71 72/71/72 69/69/69
f 73/70/73 74/73/74 72/71/72
f 75/72/75 76/75/76 74/73/74
f 75/72/75 77/81/77 78/74/78
f 80/76/80 68/65/68 67/67/67
f 81/78/81 71/68/71 68/65/68
f 82/79/82 73/70/73 71/68/71
f 83/80/83 75/72/75 73/70/73
f 83/80/83 84/834/84 77/81/77
f 86/82/86 80/76/80 79/77/79
f 87/84/87 81/78/81 80/76/80
f 87/84/87 88/86/88 82/79/82
f 89/85/89 83/80/83 82/79/82
f 90/87/90 84/834/84 83/80/83
f 91/88/91 92/89/92 86/82/86
f 92/89/92 93/90/93 87/84/87
f 93/90/93 94/91/94 88/86/88
f 94/91/94 95/93/95 89/85/89
f 96/92/96 90/87/90 89/85/89
f 40/37/40 39/40/39 92/89/92
f 39/40/39 42/42/42 93/90/93
f 42/42/42 44/44/44 94/91/94
f 44/44/44 46/46/46 95/93/95
f 48/45/48 96/92/96 95/93/95
f 98/94/98 32/31/32 31/30/31
f 99/96/99 33/32/33 32/31/32
f 100/97/100 34/33/34 33/32/33
f 101/98/101 35/35/35 34/33/34
f 101/98/101 102/104/102 36/34/36
f 104/99/104 98/94/98 97/95/97
f 105/101/105 99/96/99 98/94/98
f 106/102/106 100/97/100 99/96/99
f 107/103/107 101/98/101 100/97/100
f 107/103/107 108/835/108 102/104/102
f 110/105/110 104/99/104 103/100/103
f 111/107/111 105/101/105 104/99/104
f 111/107/111 112/109/112 106/102/106
f 113/108/113 107/103/107 106/102/106
f 114/110/114 108/835/108 107/103/107
f 115/111/115 116/112/116 110/105/110
f 116/112/116 117/113/117 111/107/111
f 117/113/117 118/114/118 112/109/112
f 118/114/118 119/116/119 113/108/113
f 120/115/120 114/110/114 113/108/113
f 70/66/70 69/69/69 116/112/116
f 69/69/69 72/71/72 117/113/117
f 72/71/72 74/73/74 118/114/118
f 74/73/74 76/75/76 119/116/119
f 78/74/78 120/115/120 119/116/119
f 122/117/122 123/121/123 124/118/124
f 125/120/125 126/123/126 123/121/123
f 127/122/127 128/125/128 126/123/126
f 129/124/129 130/126/130 128/125/128
f 1/3/1 4/2/4 130/126/130
f 132/127/132 122/117/122 121/119/121
f 133/129/133 125/120/125 122/117/122
f 134/130/134 127/122/127 125/120/125
f 135/131/135 129/124/129 127/122/127
f 13/13/13 1/3/1 129/124/129
f 137/132/137 132/127/132 131/128/131
f 137/132/137 138/134/138 133/129/133
f 138/134/138 139/136/139 134/130/134
f 140/135/140 135/131/135 134/130/134
f 19/19/19 13/13/13 135/131/135
f 141/137/141 142/138/142 137/132/137
f 142/138/142 143/146/143 138/134/138
f 143/139/143 144/836/144 139/140/139
f 144/142/144 145/143/145 140/135/140
f 145/143/145 25/24/25 19/19/19
f 146/144/146 147/145/147 142/138/142
f 147/145/147 148/147/148 143/146/143
f 148/147/148 149/148/149 144/142/144
f 149/148/149 150/149/150 145/143/145
f 150/149/150 31/30/31 25/24/25
f 152/150/152 153/154/153 154/151/154
f 155/153/155 156/156/156 153/154/153
f 157/155/157 158/158/158 156/156/156
f 159/157/159 160/159/160 158/158/158
f 37/38/37 40/37/40 160/159/160
f 162/160/162 152/150/152 151/152/151
f 163/162/163 155/153/155 152/150/152
f 164/163/164 157/155/157 155/153/155
f 165/164/165 159/157/159 157/155/157
f 49/48/49 37/38/37 159/157/159
f 167/165/167 162/160/162 161/161/161
f 167/165/167 168/167/168 163/162/163
f 168/167/168 169/169/169 164/163/164
f 170/168/170 165/164/165 164/163/164
f 55/54/55 49/48/49 165/164/165
f 171/170/171 172/171/172 167/165/167
f 172/171/172 173/172/173 168/167/168
f 173/172/173 174/173/174 169/169/169
f 174/173/174 175/174/175 170/168/170
f 175/174/175 61/59/61 55/54/55
f 124/118/124 123/121/123 172/171/172
f 123/121/123 126/123/126 173/172/173
f 126/123/126 128/125/128 174/173/174
f 128/125/128 130/126/130 175/174/175
f 130/126/130 4/2/4 61/59/61
f 177/175/177 178/179/178 179/176/179
f 180/178/180 181/181/181 178/179/178
f 182/180/182 183/183/183 181/181/181
f 184/182/184 185/184/185 183/183/183
f 67/67/67 70/66/70 185/184/185
f 187/185/187 177/175/177 176/177/176
f 188/187/188 180/178/180 177/175/177
f 189/188/189 182/180/182 180/178/180
f 190/189/190 184/182/184 182/180/182
f 79/77/79 67/67/67 184/182/184
f 192/190/192 187/185/187 186/186/186
f 192/190/192 193/192/193 188/187/188
f 193/192/193 194/194/194 189/188/189
f 195/193/195 190/189/190 189/188/189
f 85/83/85 79/77/79 190/189/190
f 196/195/196 197/196/197 192/190/192
f 197/196/197 198/197/198 193/192/193
f 198/197/198 199/198/199 194/194/194
f 199/198/199 200/199/200 195/193/195
f 200/199/200 91/88/91 85/83/85
f 154/151/154 153/154/153 197/196/197
f 153/154/153 156/156/156 198/197/198
f 156/156/156 158/158/158 199/198/199
f 158/158/158 160/159/160 200/199/200
f 160/159/160 40/37/40 91/88/91
f 202/200/202 147/145/147 146/144/146
f 203/202/203 148/147/148 147/145/147
f 204/203/204 149/148/149 148/147/148
f 205/204/205 150/149/150 149/148/149
f 97/95/97 31/30/31 150/149/150
f 207/205/207 202/200/202 201/201/201
f 208/207/208 203/202/203 202/200/202
f 209/208/209 204/203/204 203/202/203
f 210/209/210 205/204/205 204/203/204
f 103/100/103 97/95/97 205/204/205
f 212/210/212 207/205/207 206/206/206
f 212/210/212 213/212/213 208/207/208
f 213/212/213 214/214/214 209/208/209
f 215/213/215 210/209/210 209/208/209
f 109/106/109 103/100/103 210/209/210
f 216/215/216 217/216/217 212/210/212
f 217/216/217 218/217/218 213/212/213
f 218/217/218 219/218/219 214/214/214
f 219/218/219 220/219/220 215/213/215
f 220/219/220 115/111/115 109/106/109
f 179/176/179 178/179/178 217/216/217
f 178/179/178 181/181/181 218/217/218
f 181/181/181 183/183/183 219/218/219
f 183/183/183 185/184/185 220/219/220
f 185/184/185 70/66/70 115/111/115
f 221/220/221 222/223/222 223/221/223
f 222/223/222 225/225/225 226/224/226
f 225/225/225 227/227/227 228/226/228
f 227/227/227 229/229/229 230/228/230
f 229/229/229 121/119/121 124/118/124
f 231/230/231 232/231/232 222/223/222
f 232/231/232 233/232/233 225/225/225
f 233/232/233 234/233/234 227/227/227
f 234/233/234 235/234/235 229/229/229
f 235/234/235 131/128/131 121/119/121
f 237/235/237 232/231/232 231/230/231
f 237/235/237 238/238/238 233/232/233
f 239/237/239 234/233/234 233/232/233
f 240/239/240 235/234/235 234/233/234
f 240/239/240 136/133/136 131/128/131
f 242/240/242 237/235/237 236/236/236
f 243/242/243 238/238/238 237/235/237
f 244/243/244 239/237/239 238/238/238
f 245/244/245 240/239/240 239/237/239
f 141/137/141 136/133/136 240/239/240
f 247/245/247 242/240/242 241/241/241
f 248/247/248 243/242/243 242/240/242
f 249/248/249 244/243/244 243/242/243
f 250/249/250 245/244/245 244/243/244
f 146/144/146 141/137/141 245/244/245
f 251/250/251 252/253/252 253/251/253
f 252/253/252 255/255/255 256/254/256
f 255/255/255 257/257/257 258/256/258
f 257/257/257 259/259/259 260/258/260
f 259/259/259 151/152/151 154/151/154
f 261/260/261 262/261/262 252/253/252
f 262/261/262 263/262/263 255/255/255
f 263/262/263 264/263/264 257/257/257
f 264/263/264 265/264/265 259/259/259
f 265/264/265 161/161/161 151/152/151
f 267/265/267 262/261/262 261/260/261
f 267/265/267 268/268/268 263/262/263
f 269/267/269 264/263/264 263/262/263
f 270/269/270 265/264/265 264/263/264
f 270/269/270 166/166/166 161/161/161
f 272/270/272 267/265/267 266/266/266
f 273/272/273 268/268/268 267/265/267
f 274/273/274 269/267/269 268/268/268
f 275/274/275 270/269/270 269/267/269
f 171/170/171 166/166/166 270/269/270
f 223/221/223 272/270/272 271/271/271
f 226/224/226 273/272/273 272/270/272
f 228/226/228 274/273/274 273/272/273
f 230/228/230 275/274/275 274/273/274
f 124/118/124 171/170/171 275/274/275
f 276/275/276 277/278/277 278/276/278
f 277/278/277 280/280/280 281/279/281
f 280/280/280 282/282/282 283/281/283
f 282/282/282 284/284/284 285/283/285
f 284/284/284 176/177/176 179/176/179
f 286/285/286 287/286/287 277/278/277
f 287/286/287 288/287/288 280/280/280
f 288/287/288 289/288/289 282/282/282
f 289/288/289 290/289/290 284/284/284
f 290/289/290 186/186/186 176/177/176
f 292/290/292 287/286/287 286/285/286
f 292/290/292 293/293/293 288/287/288
f 294/292/294 289/288/289 288/287/288
f 295/294/295 290/289/290 289/288/289
f 295/294/295 191/191/191 186/186/186
f 297/295/297 292/290/292 291/291/291
f 298/297/298 293/293/293 292/290/292
f 299/298/299 294/292/294 293/293/293
f 300/299/300 295/294/295 294/292/294
f 196/195/196 191/191/191 295/294/295
f 253/251/253 297/295/297 296/296/296
f 256/254/256 298/297/298 297/295/297
f 258/256/258 299/298/299 298/297/298
f 260/258/260 300/299/300 299/298/299
f 154/151/154 196/195/196 300/299/300
f 301/300/301 302/301/302 247/245/247
f 302/301/302 303/302/303 248/247/248
f 303/302/303 304/303/304 249/248/249
f 304/303/304 305/304/305 250/249/250
f 305/304/305 201/201/201 146/144/146
f 306/305/306 307/306/307 302/301/302
f 307/306/307 308/307/308 303/302/303
f 308/307/308 309/308/309 304/303/304
f 309/308/309 310/309/310 305/304/305
f 310/309/310 206/206/206 201/201/201
f 312/310/312 307/306/307 306/305/306
f 312/310/312 313/313/313 308/307/308
f 314/312/314 309/308/309 308/307/308
f 315/314/315 310/309/310 309/308/309
f 315/314/315 211/211/211 206/206/206
f 317/315/317 312/310/312 311/311/311
f 318/317/318 313/313/313 312/310/312
f 319/318/319 314/312/314 313/313/313
f 320/319/320 315/314/315 314/312/314
f 216/215/216 211/211/211 315/314/315
f 278/276/278 317/315/317 316/316/316
f 281/279/281 318/317/318 317/315/317
f 283/281/283 319/318/319 318/317/318
f 285/283/285 320/319/320 319/318/319
f 179/176/179 216/215/216 320/319/320
f 321/320/321 322/323/322 323/321/323
f 322/323/322 325/325/325 326/324/326
f 325/325/325 327/327/327 328/326/328
f 327/327/327 329/330/329 330/328/330
f 331/329/331 332/837/332 330/328/330
f 333/331/333 334/332/334 322/323/322
f 334/332/334 335/333/335 325/325/325
f 335/333/335 336/334/336 327/327/327
f 336/334/336 337/336/337 329/330/329
f 338/335/338 331/329/331 329/330/329
f 339/337/339 340/338/340 334/332/334
f 340/338/340 341/339/341 335/333/335
f 341/339/341 342/340/342 336/334/336
f 342/340/342 343/342/343 337/336/337
f 344/341/344 338/335/338 337/336/337
f 345/343/345 346/344/346 340/338/340
f 346/344/346 347/345/347 341/339/341
f 347/345/347 348/346/348 342/340/342
f 348/346/348 349/348/349 343/342/343
f 350/347/350 344/341/344 343/342/343
f 351/349/351 352/350/352 346/344/346
f 352/350/352 353/351/353 347/345/347
f 353/351/353 354/352/354 348/346/348
f 354/352/354 355/354/355 349/348/349
f 356/353/356 350/347/350 349/348/349
f 358/355/358 352/350/352 351/349/351
f 359/357/359 353/351/353 352/350/352
f 360/358/360 354/352/354 353/351/353
f 361/359/361 355/354/355 354/352/354
f 361/359/361 362/365/362 356/353/356
f 364/360/364 358/355/358 357/356/357
f 365/362/365 359/357/359 358/355/358
f 366/363/366 360/358/360 359/357/359
f 367/364/367 361/359/361 360/358/360
f 367/364/367 368/371/368 362/365/362
f 370/366/370 364/360/364 363/361/363
f 371/368/371 365/362/365 364/360/364
f 372/369/372 366/363/366 365/362/365
f 373/370/373 367/364/367 366/363/366
f 373/370/373 374/377/374 368/371/368
f 376/372/376 370/366/370 369/367/369
f 377/374/377 371/368/371 370/366/370
f 378/375/378 372/369/372 371/368/371
f 379/376/379 373/370/373 372/369/372
f 379/376/379 380/378/380 374/377/374
f 323/321/323 376/372/376 375/373/375
f 326/324/326 377/374/377 376/372/376
f 328/326/328 378/375/378 377/374/377
f 330/328/330 379/376/379 378/375/378
f 330/328/330 332/837/332 380/378/380
f 381/379/381 382/382/382 383/380/383
f 382/382/382 385/384/385 386/383/386
f 385/384/385 387/386/387 388/385/388
f 387/386/387 389/388/389 390/387/390
f 389/388/389 321/320/321 324/322/324
f 391/389/391 392/390/392 382/382/382
f 392/390/392 393/391/393 385/384/385
f 393/391/393 394/392/394 387/386/387
f 394/392/394 395/393/395 389/388/389
f 395/393/395 333/331/333 321/320/321
f 396/394/396 397/395/397 392/390/392
f 397/395/397 398/396/398 393/391/393
f 398/396/398 399/397/399 394/392/394
f 399/397/399 400/398/400 395/393/395
f 400/398/400 339/337/339 333/331/333
f 401/399/401 402/400/402 397/395/397
f 402/400/402 403/401/403 398/396/398
f 403/401/403 404/402/404 399/397/399
f 404/402/404 405/403/405 400/398/400
f 405/403/405 345/343/345 339/337/339
f 154/404/154 406/405/406 402/400/402
f 406/405/406 407/406/407 403/401/403
f 407/406/407 408/407/408 404/402/404
f 408/407/408 409/408/409 405/403/405
f 409/408/409 351/349/351 345/343/345
f 411/409/411 406/405/406 154/404/154
f 412/411/412 407/406/407 406/405/406
f 413/412/413 408/407/408 407/406/407
f 414/413/414 409/408/409 408/407/408
f 357/356/357 351/349/351 409/408/409
f 416/414/416 411/409/411 410/410/410
f 417/416/417 412/411/412 411/409/411
f 418/417/418 413/412/413 412/411/412
f 419/418/419 414/413/414 413/412/413
f 363/361/363 357/356/357 414/413/414
f 421/419/421 416/414/416 415/415/415
f 422/421/422 417/416/417 416/414/416
f 423/422/423 418/417/418 417/416/417
f 424/423/424 419/418/419 418/417/418
f 369/367/369 363/361/363 419/418/419
f 426/424/426 421/419/421 420/420/420
f 427/426/427 422/421/422 421/419/421
f 428/427/428 423/422/423 422/421/422
f 429/428/429 424/423/424 423/422/423
f 375/373/375 369/367/369 424/423/424
f 383/380/383 426/424/426 425/425/425
f 386/383/386 427/426/427 426/424/426
f 388/385/388 428/427/428 427/426/427
f 390/387/390 429/428/429 428/427/428
f 324/322/324 375/373/375 429/428/429
f 430/429/430 431/432/431 432/430/432
f 431/432/431 434/435/434 435/433/435
f 436/434/436 437/437/437 435/433/435
f 438/436/438 439/439/439 437/437/437
f 440/438/440 441/838/441 439/439/439
f 442/440/442 443/441/443 431/432/431
f 443/441/443 444/443/444 434/435/434
f 445/442/445 436/434/436 434/435/434
f 446/444/446 438/436/438 436/434/436
f 447/445/447 440/438/440 438/436/438
f 448/446/448 449/448/449 443/441/443
f 450/447/450 444/443/444 443/441/443
f 451/449/451 445/442/445 444/443/444
f 452/450/452 446/444/446 445/442/445
f 453/451/453 447/445/447 446/444/446
f 454/452/454 455/454/455 449/448/449
f 456/453/456 450/447/450 449/448/449
f 457/455/457 451/449/451 450/447/450
f 458/456/458 452/450/452 451/449/451
f 459/457/459 453/451/453 452/450/452
f 460/458/460 461/460/461 455/454/455
f 462/459/462 456/453/456 455/454/455
f 463/461/463 457/455/457 456/453/456
f 464/462/464 458/456/458 457/455/457
f 465/463/465 459/457/459 458/456/458
f 467/464/467 461/460/461 460/458/460
f 467/464/467 468/466/468 462/459/462
f 468/466/468 469/467/469 463/461/463
f 469/467/469 470/468/470 464/462/464
f 470/468/470 471/474/471 465/463/465
f 473/469/473 467/464/467 466/465/466
f 473/469/473 474/471/474 468/466/468
f 474/471/474 475/472/475 469/467/469
f 475/472/475 476/473/476 470/468/470
f 476/473/476 477/480/477 471/474/471
f 479/475/479 473/469/473 472/470/472
f 479/475/479 480/477/480 474/471/474
f 480/477/480 481/478/481 475/472/475
f 481/478/481 482/479/482 476/473/476
f 482/479/482 483/486/483 477/480/477
f 485/481/485 479/475/479 478/476/478
f 486/483/486 480/477/480 479/475/479
f 486/483/486 487/484/487 481/478/481
f 487/484/487 488/485/488 482/479/482
f 488/485/488 489/487/489 483/486/483
f 432/430/432 485/481/485 484/482/484
f 435/433/435 486/483/486 485/481/485
f 435/433/435 437/437/437 487/484/487
f 437/437/437 439/439/439 488/485/488
f 439/439/439 441/838/441 489/487/489
f 491/488/491 492/492/492 493/489/493
f 494/491/494 495/494/495 492/492/492
f 496/493/496 497/496/497 495/494/495
f 496/493/496 498/497/498 499/495/499
f 498/497/498 430/429/430 433/431/433
f 501/498/501 491/488/491 490/490/490
f 502/500/502 494/491/494 491/488/491
f 503/501/503 496/493/496 494/491/494
f 503/501/503 504/502/504 498/497/498
f 504/502/504 442/440/442 430/429/430
f 506/503/506 501/498/501 500/499/500
f 507/505/507 502/500/502 501/498/501
f 507/505/507 508/506/508 503/501/503
f 508/506/508 509/507/509 504/502/504
f 509/507/509 448/446/448 442/440/442
f 511/508/511 506/503/506 505/504/505
f 512/510/512 507/505/507 506/503/506
f 512/510/512 513/511/513 508/506/508
f 513/511/513 514/512/514 509/507/509
f 514/512/514 454/452/454 448/446/448
f 516/513/516 511/508/511 510/509/510
f 517/515/517 512/510/512 511/508/511
f 517/515/517 518/516/518 513/511/513
f 518/516/518 519/517/519 514/512/514
f 519/517/519 460/458/460 454/452/454
f 520/518/520 521/519/521 516/513/516
f 521/519/521 522/521/522 517/515/517
f 523/520/523 518/516/518 517/515/517
f 524/522/524 519/517/519 518/516/518
f 466/465/466 460/458/460 519/517/519
f 525/523/525 526/524/526 521/519/521
f 526/524/526 527/526/527 522/521/522
f 528/525/528 523/520/523 522/521/522
f 529/527/529 524/522/524 523/520/523
f 472/470/472 466/465/466 524/522/524
f 530/528/530 531/529/531 526/524/526
f 531/529/531 532/531/532 527/526/527
f 533/530/533 528/525/528 527/526/527
f 534/532/534 529/527/529 528/525/528
f 478/476/478 472/470/472 529/527/529
f 535/533/535 536/534/536 531/529/531
f 536/534/536 537/535/537 532/531/532
f 537/535/537 538/537/538 533/530/533
f 539/536/539 534/532/534 533/530/533
f 484/482/484 478/476/478 534/532/534
f 493/489/493 492/492/492 536/534/536
f 492/492/492 495/494/495 537/535/537
f 495/494/495 497/496/497 538/537/538
f 499/495/499 539/536/539 538/537/538
f 433/431/433 484/482/484 539/536/539
f 541/538/541 542/542/542 543/539/543
f 541/538/541 544/543/544 545/541/545
f 544/543/544 546/546/546 547/544/547
f 548/545/548 549/548/549 547/544/547
f 552/549/552 541/538/541 540/540/540
f 552/549/552 553/551/553 544/543/544
f 553/551/553 554/553/554 546/546/546
f 555/552/555 548/545/548 546/546/546
f 556/554/556 557/555/557 552/549/552
f 557/555/557 558/557/558 553/551/553
f 559/556/559 554/553/554 553/551/553
f 559/556/559 560/558/560 555/552/555
f 561/559/561 562/561/562 557/555/557
f 563/560/563 558/557/558 557/555/557
f 564/562/564 559/556/559 558/557/558
f 564/562/564 565/563/565 560/558/560
f 566/564/566 567/566/567 562/561/562
f 568/565/568 563/560/563 562/561/562
f 569/567/569 564/562/564 563/560/563
f 569/567/569 570/568/570 565/563/565
f 572/569/572 573/573/573 574/570/574
f 572/569/572 575/574/575 576/572/576
f 575/574/575 577/577/577 578/575/578
f 579/576/579 580/578/580 578/575/578
f 582/579/582 572/569/572 571/571/571
f 582/579/582 583/581/583 575/574/575
f 583/581/583 584/583/584 577/577/577
f 585/582/585 579/576/579 577/577/577
f 586/584/586 587/585/587 582/579/582
f 587/585/587 588/587/588 583/581/583
f 589/586/589 584/583/584 583/581/583
f 589/586/589 590/588/590 585/582/585
f 591/589/591 592/591/592 587/585/587
f 593/590/593 588/587/588 587/585/587
f 594/592/594 589/586/589 588/587/588
f 594/592/594 595/593/595 590/588/590
f 543/539/543 542/542/542 592/591/592
f 545/541/545 593/590/593 592/591/592
f 547/544/547 594/592/594 593/590/593
f 547/544/547 549/548/549 595/593/595
f 597/594/597 598/598/598 599/595/599
f 597/594/597 600/599/600 601/597/601
f 600/599/600 602/602/602 603/600/603
f 604/601/604 605/603/605 603/600/603
f 607/604/607 597/594/597 596/596/596
f 607/604/607 608/606/608 600/599/600
f 608/606/608 609/608/609 602/602/602
f 610/607/610 604/601/604 602/602/602
f 611/609/611 612/610/612 607/604/607
f 612/610/612 613/612/613 608/606/608
f 614/611/614 609/608/609 608/606/608
f 614/611/614 615/613/615 610/607/610
f 616/614/616 617/616/617 612/610/612
f 618/615/618 613/612/613 612/610/612
f 619/617/619 614/611/614 613/612/613
f 619/617/619 620/618/620 615/613/615
f 574/570/574 573/573/573 617/616/617
f 576/572/576 618/615/618 617/616/617
f 578/575/578 619/617/619 618/615/618
f 578/575/578 580/578/580 620/618/620
f 622/619/622 567/566/567 566/564/566
f 622/619/622 623/621/623 568/565/568
f 623/621/623 624/623/624 569/567/569
f 625/622/625 570/568/570 569/567/569
f 627/624/627 622/619/622 621/620/621
f 627/624/627 628/626/628 623/621/623
f 628/626/628 629/628/629 624/623/624
f 630/627/630 625/622/625 624/623/624
f 631/629/631 632/630/632 627/624/627
f 632/630/632 633/632/633 628/626/628
f 634/631/634 629/628/629 628/626/628
f 634/631/634 635/633/635 630/627/630
f 636/634/636 637/636/637 632/630/632
f 638/635/638 633/632/633 632/630/632
f 639/637/639 634/631/634 633/632/633
f 639/637/639 640/638/640 635/633/635
f 599/595/599 598/598/598 637/636/637
f 601/597/601 638/635/638 637/636/637
f 603/600/603 639/637/639 638/635/638
f 603/600/603 605/603/605 640/638/640
f 642/639/642 643/643/643 644/640/644
f 645/642/645 646/645/646 643/643/643
f 647/644/647 648/647/648 646/645/646
f 649/646/649 650/648/650 648/647/648
f 540/540/540 543/539/543 650/648/650
f 652/649/652 642/639/642 641/641/641
f 653/651/653 645/642/645 642/639/642
f 654/652/654 647/644/647 645/642/645
f 655/653/655 649/646/649 647/644/647
f 551/550/551 540/540/540 649/646/649
f 657/654/657 652/649/652 651/650/651
f 658/656/658 653/651/653 652/649/652
f 658/656/658 659/658/659 654/652/654
f 660/657/660 655/653/655 654/652/654
f 660/657/660 556/554/556 551/550/551
f 661/659/661 662/660/662 657/654/657
f 662/660/662 663/661/663 658/656/658
f 663/661/663 664/662/664 659/658/659
f 664/662/664 665/663/665 660/657/660
f 665/663/665 561/559/561 556/554/556
f 666/664/666 667/665/667 662/660/662
f 667/665/667 668/666/668 663/661/663
f 668/666/668 669/667/669 664/662/664
f 669/667/669 670/668/670 665/663/665
f 670/668/670 566/564/566 561/559/561
f 672/669/672 673/673/673 674/670/674
f 675/672/675 676/675/676 673/673/673
f 677/674/677 678/677/678 676/675/676
f 679/676/679 680/678/680 678/677/678
f 571/571/571 574/570/574 680/678/680
f 682/679/682 672/669/672 671/671/671
f 683/681/683 675/672/675 672/669/672
f 684/682/684 677/674/677 675/672/675
f 685/683/685 679/676/679 677/674/677
f 581/580/581 571/571/571 679/676/679
f 687/684/687 682/679/682 681/680/681
f 688/686/688 683/681/683 682/679/682
f 688/686/688 689/688/689 684/682/684
f 690/687/690 685/683/685 684/682/684
f 690/687/690 586/584/586 581/580/581
f 691/689/691 692/690/692 687/684/687
f 692/690/692 693/691/693 688/686/688
f 693/691/693 694/692/694 689/688/689
f 694/692/694 695/693/695 690/687/690
f 695/693/695 591/589/591 586/584/586
f 644/640/644 643/643/643 692/690/692
f 643/643/643 646/645/646 693/691/693
f 646/645/646 648/647/648 694/692/694
f 648/647/648 650/648/650 695/693/695
f 650/648/650 543/539/543 591/589/591
f 697/694/697 698/698/698 699/695/699
f 700/697/700 701/700/701 698/698/698
f 702/699/702 703/702/703 701/700/701
f 704/701/704 705/703/705 703/702/703
f 596/596/596 599/595/599 705/703/705
f 707/704/707 697/694/697 696/696/696
f 708/706/708 700/697/700 697/694/697
f 709/707/709 702/699/702 700/697/700
f 710/708/710 704/701/704 702/699/702
f 606/605/606 596/596/596 704/701/704
f 712/709/712 707/704/707 706/705/706
f 713/711/713 708/706/708 707/704/707
f 713/711/713 714/713/714 709/707/709
f 715/712/715 710/708/710 709/707/709
f 715/712/715 611/609/611 606/605/606
f 716/714/716 717/715/717 712/709/712
f 717/715/717 718/716/718 713/711/713
f 718/716/718 719/717/719 714/713/714
f 719/717/719 720/718/720 715/712/715
f 720/718/720 616/614/616 611/609/611
f 674/670/674 673/673/673 717/715/717
f 673/673/673 676/675/676 718/716/718
f 676/675/676 678/677/678 719/717/719
f 678/677/678 680/678/680 720/718/720
f 680/678/680 574/570/574 616/614/616
f 722/719/722 667/665/667 666/664/666
f 723/721/723 668/666/668 667/665/667
f 724/722/724 669/667/669 668/666/668
f 725/723/725 670/668/670 669/667/669
f 621/620/621 566/564/566 670/668/670
f 727/724/727 722/719/722 721/720/721
f 728/726/728 723/721/723 722/719/722
f 729/727/729 724/722/724 723/721/723
f 730/728/730 725/723/725 724/722/724
f 626/625/626 621/620/621 725/723/725
f 732/729/732 727/724/727 726/725/726
f 733/731/733 728/726/728 727/724/727
f 733/731/733 734/733/734 729/727/729
f 735/732/735 730/728/730 729/727/729
f 735/732/735 631/629/631 626/625/626
f 736/734/736 737/735/737 732/729/732
f 737/735/737 738/736/738 733/731/733
f 738/736/738 739/737/739 734/733/734
f 739/737/739 740/738/740 735/732/735
f 740/738/740 636/634/636 631/629/631
f 699/695/699 698/698/698 737/735/737
f 698/698/698 701/700/701 738/736/738
f 701/700/701 703/702/703 739/737/739
f 703/702/703 705/703/705 740/738/740
f 705/703/705 599/595/599 636/634/636
f 742/739/742 743/743/743 279/740/279
f 744/742/744 745/745/745 743/743/743
f 746/744/746 747/747/747 745/745/745
f 748/746/748 749/749/749 747/747/747
f 751/750/751 742/739/742 741/741/741
f 752/751/752 744/742/744 742/739/742
f 753/752/753 746/744/746 744/742/744
f 754/753/754 748/746/748 746/744/746
f 306/305/306 755/755/755 751/750/751
f 756/754/756 752/751/752 751/750/751
f 757/756/757 753/752/753 752/751/752
f 758/757/758 754/753/754 753/752/753
f 759/758/759 760/759/760 755/755/755
f 760/759/760 761/760/761 756/754/756
f 761/760/761 762/761/762 757/756/757
f 762/761/762 763/762/763 758/757/758
f 246/763/246 764/764/764 760/759/760
f 764/764/764 765/765/765 761/760/761
f 765/765/765 766/766/766 762/761/762
f 766/766/766 767/767/767 763/762/763
f 769/768/769 770/772/770 254/769/254
f 771/771/771 772/774/772 770/772/770
f 773/773/773 774/776/774 772/774/772
f 775/775/775 776/777/776 774/776/774
f 777/778/777 769/768/769 768/770/768
f 778/779/778 771/771/771 769/768/769
f 779/780/779 773/773/773 771/771/771
f 780/781/780 775/775/775 773/773/773
f 286/285/286 781/783/781 777/778/777
f 782/782/782 778/779/778 777/778/777
f 783/784/783 779/780/779 778/779/778
f 784/785/784 780/781/780 779/780/779
f 785/786/785 786/787/786 781/783/781
f 786/787/786 787/788/787 782/782/782
f 787/788/787 788/789/788 783/784/783
f 788/789/788 789/790/789 784/785/784
f 279/740/279 743/743/743 786/787/786
f 743/743/743 745/745/745 787/788/787
f 745/745/745 747/747/747 788/789/788
f 747/747/747 749/749/749 789/790/789
f 791/791/791 792/795/792 224/792/224
f 793/794/793 794/797/794 792/795/792
f 795/796/795 796/799/796 794/797/794
f 797/798/797 798/800/798 796/799/796
f 799/801/799 791/791/791 790/793/790
f 800/802/800 793/794/793 791/791/791
f 801/803/801 795/796/795 793/794/793
f 802/804/802 797/798/797 795/796/795
f 261/260/261 803/806/803 799/801/799
f 804/805/804 800/802/800 799/801/799
f 805/807/805 801/803/801 800/802/800
f 806/808/806 802/804/802 801/803/801
f 807/809/807 808/810/808 803/806/803
f 808/810/808 809/811/809 804/805/804
f 809/811/809 810/812/810 805/807/805
f 810/812/810 811/813/811 806/808/806
f 254/769/254 770/772/770 808/810/808
f 770/772/770 772/774/772 809/811/809
f 772/774/772 774/776/774 810/812/810
f 774/776/774 776/777/776 811/813/811
f 813/814/813 764/764/764 246/763/246
f 814/816/814 765/765/765 764/764/764
f 815/817/815 766/766/766 765/765/765
f 816/818/816 767/767/767 766/766/766
f 817/819/817 813/814/813 812/815/812
f 818/820/818 814/816/814 813/814/813
f 819/821/819 815/817/815 814/816/814
f 820/822/820 816/818/816 815/817/815
f 231/230/231 821/824/821 817/819/817
f 822/823/822 818/820/818 817/819/817
f 823/825/823 819/821/819 818/820/818
f 824/826/824 820/822/820 819/821/819
f 825/827/825 826/828/826 821/824/821
f 826/828/826 827/829/827 822/823/822
f 827/829/827 828/830/828 823/825/823
f 828/830/828 829/831/829 824/826/824
f 224/792/224 792/795/792 826/828/826
f 792/795/792 794/797/794 827/829/827
f 794/797/794 796/799/796 828/830/828
f 796/799/796 798/800/798 829/831/829
